Data da Venda,Ordem de Compra,SKU,ID Cliente,Qtd Vendida,ID Loja
2020-01-01,SO45080,HL59,14657,1,101
2020-01-01,SO45079,HL45,29255,1,122
2020-01-01,SO45082,HL71,11455,1,200
2020-01-01,SO45081,HL62,26782,1,200
2020-01-02,SO45083,HL45,14947,1,199
2020-01-02,SO45084,HL43,29143,1,202
2020-01-02,SO45086,HL47,18747,1,309
2020-01-02,SO45085,HL45,18746,1,306
2020-01-03,SO45093,HL45,18906,1,200
2020-01-03,SO45090,HL43,29170,1,308
2020-01-03,SO45088,HL66,11398,1,259
2020-01-03,SO45092,HL46,18899,1,252
2020-01-03,SO45089,HL72,25977,1,109
2020-01-03,SO45091,HL47,18909,1,178
2020-01-03,SO45087,HL71,11388,1,175
2020-01-03,SO45094,HL43,22785,1,68
2020-01-04,SO45096,HL45,12483,1,189
2020-01-04,SO45097,HL46,29151,1,141
2020-01-04,SO45098,HL43,29167,1,158
2020-01-04,SO45095,HL65,11394,1,138
2020-01-04,SO45099,HL45,29174,1,50
2020-01-05,SO45101,HL46,22748,1,198
2020-01-05,SO45100,HL56,19428,1,166
2020-01-05,SO45102,HL43,29274,1,27
2020-01-06,SO45104,HL43,29142,1,97
2020-01-06,SO45108,HL43,22975,1,18
2020-01-06,SO45105,HL45,22765,1,197
2020-01-06,SO45103,HL43,29140,1,52
2020-01-06,SO45106,HL69,19987,1,6
2020-01-06,SO45107,HL45,29275,1,195
2020-01-07,SO45109,HL44,14937,1,18
2020-01-07,SO45112,HL55,20558,1,102
2020-01-07,SO45111,HL56,25713,1,193
2020-01-07,SO45110,HL44,18710,1,63
2020-01-08,SO45119,HL47,18740,1,114
2020-01-08,SO45117,HL64,14727,1,41
2020-01-08,SO45116,HL44,29204,1,38
2020-01-08,SO45114,HL43,29146,1,53
2020-01-08,SO45115,HL69,25984,1,32
2020-01-08,SO45118,HL47,18722,1,97
2020-01-08,SO45113,HL46,29141,1,114
2020-01-08,SO45120,HL65,11751,1,108
2020-01-09,SO45124,HL46,18725,1,48
2020-01-09,SO45122,HL47,29236,1,76
2020-01-09,SO45123,HL44,22971,1,191
2020-01-09,SO45121,HL43,29169,1,156
2020-01-10,SO45129,HL71,11759,1,45
2020-01-10,SO45127,HL46,29158,1,179
2020-01-10,SO45128,HL43,18726,1,171
2020-01-10,SO45126,HL44,12480,1,33
2020-01-11,SO45136,HL45,19084,1,31
2020-01-11,SO45130,HL46,14975,1,58
2020-01-11,SO45134,HL47,22895,1,117
2020-01-11,SO45138,HL70,11452,1,48
2020-01-11,SO45132,HL71,25985,1,284
2020-01-11,SO45137,HL43,18735,1,32
2020-01-11,SO45133,HL47,29163,1,152
2020-01-11,SO45131,HL65,25979,1,44
2020-01-11,SO45135,HL43,29264,1,199
2020-01-12,SO45141,HL45,29222,1,199
2020-01-12,SO45143,HL43,29278,1,199
2020-01-12,SO45142,HL44,22901,1,199
2020-01-12,SO45145,HL47,18716,1,308
2020-01-12,SO45144,HL44,19093,1,308
2020-01-12,SO45140,HL45,12485,1,308
2020-01-12,SO45139,HL47,12468,1,308
2020-01-13,SO45148,HL64,14656,1,308
2020-01-13,SO45147,HL45,29166,1,308
2020-01-13,SO45146,HL43,14950,1,308
2020-01-14,SO45149,HL47,14941,1,200
2020-01-14,SO45154,HL46,18767,1,200
2020-01-14,SO45151,HL47,29202,1,200
2020-01-14,SO45150,HL67,25980,1,200
2020-01-14,SO45157,HL65,11750,1,200
2020-01-14,SO45156,HL65,11465,1,200
2020-01-14,SO45155,HL45,18900,1,265
2020-01-14,SO45153,HL43,19089,1,292
2020-01-14,SO45152,HL43,29276,1,256
2020-01-15,SO45162,HL45,18721,1,261
2020-01-15,SO45158,HL65,28419,1,281
2020-01-15,SO45163,HL57,25714,1,276
2020-01-15,SO45159,HL70,11400,1,255
2020-01-15,SO45161,HL70,25978,1,272
2020-01-15,SO45160,HL43,14984,1,272
2020-01-15,SO45164,HL70,11453,1,296
2020-01-16,SO45167,HL44,18706,1,278
2020-01-16,SO45169,HL47,18766,1,269
2020-01-16,SO45171,HL66,11754,1,297
2020-01-16,SO45170,HL72,11462,1,297
2020-01-16,SO45166,HL45,19083,1,307
2020-01-16,SO45168,HL45,18738,1,307
2020-01-16,SO45165,HL46,22881,1,307
2020-01-17,SO45172,HL60,18008,1,307
2020-01-17,SO45176,HL46,29254,1,307
2020-01-17,SO45174,HL46,29198,1,307
2020-01-17,SO45179,HL72,11457,1,310
2020-01-17,SO45178,HL68,11456,1,310
2020-01-17,SO45177,HL47,18903,1,310
2020-01-17,SO45173,HL47,29157,1,306
2020-01-17,SO45175,HL46,29238,1,306
2020-01-18,SO45180,HL44,15046,1,306
2020-01-18,SO45184,HL53,25717,1,306
2020-01-18,SO45183,HL60,25711,1,231
2020-01-18,SO45181,HL43,14929,1,211
2020-01-18,SO45185,HL43,14949,1,217
2020-01-18,SO45182,HL45,18769,1,226
2020-01-19,SO45186,HL46,14991,1,240
2020-01-19,SO45191,HL57,14660,1,234
2020-01-19,SO45187,HL43,15047,1,214
2020-01-19,SO45188,HL44,14861,1,230
2020-01-19,SO45190,HL46,18931,1,237
2020-01-19,SO45189,HL43,29145,1,232
2020-01-20,SO45196,HL44,18739,1,309
2020-01-20,SO45195,HL46,18929,1,309
2020-01-20,SO45193,HL43,22889,1,227
2020-01-20,SO45194,HL46,29221,1,260
2020-01-20,SO45192,HL47,14846,1,306
2020-01-20,SO45197,HL47,18902,1,234
2020-01-21,SO45201,HL45,29168,1,309
2020-01-21,SO45199,HL67,29476,1,310
2020-01-21,SO45200,HL44,29148,1,307
2020-01-21,SO45204,HL66,11460,1,307
2020-01-21,SO45203,HL47,18907,1,306
2020-01-21,SO45202,HL47,19094,1,306
2020-01-21,SO45198,HL46,14847,1,199
2020-01-22,SO45213,HL70,11464,1,308
2020-01-22,SO45207,HL45,29156,1,308
2020-01-22,SO45211,HL44,18724,1,49
2020-01-22,SO45212,HL47,18729,1,67
2020-01-22,SO45208,HL65,19884,1,119
2020-01-22,SO45209,HL47,29201,1,139
2020-01-22,SO45210,HL44,29239,1,120
2020-01-22,SO45206,HL46,12474,1,134
2020-01-22,SO45205,HL65,28420,1,61
2020-01-23,SO45215,HL45,29208,1,70
2020-01-23,SO45214,HL43,12464,1,156
2020-01-23,SO45216,HL46,29261,1,107
2020-01-24,SO45217,HL47,29144,1,26
2020-01-24,SO45219,HL46,22893,1,196
2020-01-24,SO45222,HL58,14728,1,79
2020-01-24,SO45221,HL47,22903,1,67
2020-01-24,SO45220,HL45,29207,1,200
2020-01-24,SO45223,HL45,18930,1,200
2020-01-24,SO45224,HL44,18723,1,299
2020-01-24,SO45218,HL66,25982,1,277
2020-01-25,SO45228,HL47,18768,1,307
2020-01-25,SO45226,HL64,14662,1,307
2020-01-25,SO45225,HL62,14653,1,310
2020-01-25,SO45227,HL54,14726,1,243
2020-01-26,SO45232,HL43,18736,1,80
2020-01-26,SO45233,HL65,11472,1,178
2020-01-26,SO45231,HL47,18908,1,36
2020-01-26,SO45229,HL70,11387,1,136
2020-01-27,SO45236,HL45,18731,1,57
2020-01-27,SO45234,HL57,18009,1,199
2020-01-27,SO45235,HL47,29147,1,200
2020-01-27,SO45237,HL47,18737,1,200
2020-01-27,SO45238,HL67,11459,1,308
2020-01-28,SO45242,HL44,29223,1,296
2020-01-28,SO45240,HL43,29155,1,278
2020-01-28,SO45241,HL44,29203,1,310
2020-01-28,SO45244,HL71,11756,1,310
2020-01-28,SO45243,HL60,25715,1,233
2020-01-29,SO45245,HL43,18928,1,217
2020-01-29,SO45246,HL43,18709,1,215
2020-01-29,SO45247,HL60,25716,1,111
2020-01-29,SO45248,HL65,11451,1,200
2020-01-30,SO45254,HL47,29252,1,200
2020-01-30,SO45258,HL63,25712,1,122
2020-01-30,SO45253,HL47,29237,1,208
2020-01-30,SO45256,HL61,14664,1,200
2020-01-30,SO45255,HL47,29258,1,241
2020-01-30,SO45250,HL43,14147,1,306
2020-01-30,SO45251,HL60,19422,1,253
2020-01-30,SO45249,HL43,14928,1,200
2020-01-30,SO45257,HL47,18718,1,199
2020-01-30,SO45252,HL45,22877,1,144
2020-01-31,SO45262,HL46,29265,1,308
2020-01-31,SO45259,HL47,29225,1,308
2020-01-31,SO45264,HL70,11454,1,307
2020-01-31,SO45261,HL45,29175,1,254
2020-01-31,SO45263,HL63,14722,1,310
2020-01-31,SO45265,HL71,11461,1,200
2020-01-31,SO45260,HL43,29150,1,308
2020-02-01,SO45345,HL46,15048,1,233
2020-02-01,SO45349,HL45,19568,1,309
2020-02-01,SO45347,HL64,14733,1,200
2020-02-01,SO45348,HL44,19562,1,235
2020-02-01,SO45350,HL44,19613,1,217
2020-02-02,SO45354,HL63,19432,1,233
2020-02-02,SO45352,HL46,15081,1,307
2020-02-02,SO45356,HL46,19096,1,306
2020-02-02,SO45353,HL43,28630,1,199
2020-02-02,SO45355,HL45,28778,1,200
2020-02-02,SO45351,HL46,12520,1,200
2020-02-03,SO45358,HL45,23172,1,199
2020-02-03,SO45357,HL72,28443,1,306
2020-02-03,SO45361,HL45,23057,1,307
2020-02-03,SO45360,HL46,28036,1,310
2020-02-03,SO45362,HL46,19271,1,310
2020-02-03,SO45359,HL46,11227,1,310
2020-02-03,SO45363,HL45,19565,1,308
2020-02-04,SO45364,HL44,14161,1,307
2020-02-04,SO45366,HL58,18011,1,307
2020-02-04,SO45365,HL46,15078,1,307
2020-02-04,SO45369,HL47,19269,1,307
2020-02-04,SO45370,HL45,19270,1,307
2020-02-04,SO45368,HL57,14732,1,307
2020-02-04,SO45367,HL57,20561,1,307
2020-02-05,SO45375,HL46,19596,1,310
2020-02-05,SO45376,HL65,11761,1,259
2020-02-05,SO45371,HL43,15062,1,259
2020-02-05,SO45372,HL69,28449,1,253
2020-02-05,SO45374,HL45,22996,1,276
2020-02-05,SO45373,HL70,25994,1,256
2020-02-06,SO45384,HL62,26789,1,278
2020-02-06,SO45380,HL55,18010,1,275
2020-02-06,SO45377,HL46,15077,1,278
2020-02-06,SO45381,HL65,19988,1,278
2020-02-06,SO45382,HL46,11129,1,251
2020-02-06,SO45378,HL43,28178,1,254
2020-02-06,SO45383,HL59,14734,1,254
2020-02-06,SO45385,HL60,14735,1,251
2020-02-06,SO45379,HL46,28363,1,142
2020-02-06,SO45386,HL45,19607,1,1
2020-02-07,SO45388,HL71,25986,1,68
2020-02-07,SO45390,HL43,19560,1,36
2020-02-07,SO45392,HL65,11762,1,150
2020-02-07,SO45391,HL46,19588,1,126
2020-02-07,SO45387,HL43,11224,1,101
2020-02-07,SO45389,HL43,11090,1,101
2020-02-08,SO45394,HL69,11468,1,113
2020-02-08,SO45395,HL46,29352,1,50
2020-02-08,SO45393,HL45,14171,1,182
2020-02-08,SO45396,HL45,19594,1,291
2020-02-09,SO45397,HL46,15051,1,136
2020-02-09,SO45398,HL45,15059,1,5
2020-02-10,SO45400,HL46,14162,1,1
2020-02-10,SO45406,HL72,25987,1,159
2020-02-10,SO45401,HL43,15058,1,5
2020-02-10,SO45405,HL45,23209,1,113
2020-02-10,SO45409,HL45,19612,1,136
2020-02-10,SO45402,HL65,11413,1,57
2020-02-10,SO45404,HL43,11217,1,180
2020-02-10,SO45407,HL47,29285,1,159
2020-02-10,SO45408,HL47,29326,1,185
2020-02-11,SO45419,HL47,19555,1,188
2020-02-11,SO45412,HL43,23137,1,175
2020-02-11,SO45417,HL43,28620,1,185
2020-02-11,SO45410,HL43,14149,1,150
2020-02-11,SO45416,HL43,28161,1,128
2020-02-11,SO45411,HL46,28197,1,36
2020-02-11,SO45414,HL58,18038,1,291
2020-02-11,SO45413,HL45,11191,1,101
2020-02-11,SO45418,HL44,19264,1,164
2020-02-11,SO45421,HL46,19576,1,144
2020-02-11,SO45415,HL45,28092,1,200
2020-02-11,SO45420,HL46,19561,1,200
2020-02-12,SO45424,HL44,28165,1,200
2020-02-12,SO45423,HL69,19997,1,200
2020-02-12,SO45422,HL43,28198,1,199
2020-02-13,SO45428,HL67,11414,1,199
2020-02-13,SO45427,HL70,29481,1,199
2020-02-13,SO45425,HL43,15056,1,86
2020-02-13,SO45431,HL44,28013,1,179
2020-02-13,SO45429,HL43,28129,1,178
2020-02-13,SO45430,HL45,28176,1,45
2020-02-14,SO45433,HL43,12547,1,112
2020-02-14,SO45439,HL56,25823,1,170
2020-02-14,SO45435,HL61,20562,1,55
2020-02-14,SO45436,HL45,28130,1,104
2020-02-14,SO45437,HL45,28169,1,197
2020-02-14,SO45434,HL44,11252,1,20
2020-02-14,SO45438,HL43,29334,1,179
2020-02-14,SO45432,HL45,14167,1,23
2020-02-15,SO45444,HL43,19102,1,26
2020-02-15,SO45440,HL45,14198,1,115
2020-02-15,SO45441,HL45,11216,1,37
2020-02-15,SO45443,HL46,29350,1,149
2020-02-15,SO45442,HL47,29335,1,95
2020-02-15,SO45445,HL43,19105,1,121
2020-02-16,SO45447,HL46,19558,1,190
2020-02-16,SO45446,HL66,25990,1,145
2020-02-16,SO45448,HL55,25718,1,283
2020-02-17,SO45450,HL45,28624,1,73
2020-02-17,SO45452,HL47,19559,1,52
2020-02-17,SO45451,HL44,29279,1,286
2020-02-17,SO45449,HL43,14189,1,14
2020-02-18,SO45453,HL44,12549,1,93
2020-02-18,SO45454,HL45,23074,1,167
2020-02-19,SO45458,HL44,19599,1,169
2020-02-19,SO45459,HL43,19605,1,104
2020-02-19,SO45457,HL46,27752,1,52
2020-02-19,SO45455,HL43,14163,1,194
2020-02-19,SO45456,HL45,23113,1,175
2020-02-20,SO45461,HL44,28646,1,147
2020-02-20,SO45464,HL47,19586,1,50
2020-02-20,SO45465,HL64,25819,1,75
2020-02-20,SO45462,HL43,28647,1,190
2020-02-20,SO45463,HL45,11171,1,172
2020-02-21,SO45466,HL44,19611,1,119
2020-02-22,SO45475,HL46,19601,1,284
2020-02-22,SO45470,HL45,28177,1,114
2020-02-22,SO45474,HL43,19595,1,53
2020-02-22,SO45467,HL66,11422,1,34
2020-02-22,SO45471,HL46,29280,1,181
2020-02-22,SO45469,HL71,19989,1,20
2020-02-22,SO45468,HL44,23164,1,131
2020-02-22,SO45472,HL46,19095,1,161
2020-02-22,SO45473,HL43,19592,1,41
2020-02-22,SO45476,HL47,19614,1,285
2020-02-23,SO45477,HL46,14160,1,175
2020-02-23,SO45478,HL46,29354,1,110
2020-02-23,SO45480,HL46,19564,1,140
2020-02-23,SO45481,HL46,19563,1,85
2020-02-23,SO45479,HL46,19099,1,179
2020-02-24,SO45483,HL47,14181,1,151
2020-02-24,SO45482,HL43,12522,1,52
2020-02-24,SO45486,HL55,14737,1,103
2020-02-24,SO45490,HL46,22976,1,82
2020-02-24,SO45485,HL45,11257,1,8
2020-02-24,SO45484,HL46,23267,1,32
2020-02-24,SO45488,HL44,19577,1,108
2020-02-24,SO45487,HL46,19556,1,112
2020-02-24,SO45489,HL43,19602,1,47
2020-02-25,SO45492,HL58,19429,1,35
2020-02-25,SO45491,HL44,27672,1,180
2020-02-25,SO45494,HL43,19609,1,190
2020-02-25,SO45495,HL64,25821,1,14
2020-02-25,SO45493,HL53,14731,1,62
2020-02-26,SO45499,HL47,28626,1,127
2020-02-26,SO45505,HL46,19593,1,46
2020-02-26,SO45506,HL44,19615,1,100
2020-02-26,SO45501,HL71,25993,1,31
2020-02-26,SO45497,HL44,28354,1,53
2020-02-26,SO45503,HL47,22995,1,82
2020-02-26,SO45504,HL63,14730,1,4
2020-02-26,SO45498,HL45,28574,1,60
2020-02-26,SO45496,HL47,29340,1,121
2020-02-26,SO45507,HL47,19616,1,61
2020-02-26,SO45502,HL47,28173,1,77
2020-02-27,SO45510,HL43,22998,1,140
2020-02-27,SO45508,HL43,12510,1,7
2020-02-27,SO45509,HL43,14148,1,125
2020-02-28,SO45515,HL43,19557,1,2
2020-02-28,SO45513,HL69,25996,1,131
2020-02-28,SO45512,HL45,11175,1,36
2020-02-28,SO45511,HL44,12523,1,149
2020-02-28,SO45514,HL47,28051,1,286
2020-03-01,SO45580,HL43,14428,1,165
2020-03-01,SO45585,HL72,11905,1,198
2020-03-01,SO45583,HL44,11274,1,46
2020-03-01,SO45582,HL45,28656,1,148
2020-03-01,SO45584,HL61,25828,1,189
2020-03-01,SO45581,HL46,11263,1,91
2020-03-02,SO45589,HL47,19784,1,55
2020-03-02,SO45588,HL46,11275,1,96
2020-03-02,SO45586,HL44,12613,1,143
2020-03-02,SO45587,HL43,11531,1,138
2020-03-02,SO45592,HL66,11897,1,152
2020-03-02,SO45590,HL44,19763,1,135
2020-03-02,SO45591,HL56,25831,1,43
2020-03-03,SO45594,HL45,11282,1,2
2020-03-03,SO45599,HL45,19794,1,30
2020-03-03,SO45598,HL63,14744,1,37
2020-03-03,SO45600,HL46,19628,1,60
2020-03-03,SO45596,HL59,20564,1,43
2020-03-03,SO45593,HL43,15118,1,94
2020-03-03,SO45601,HL69,11893,1,61
2020-03-03,SO45595,HL47,11515,1,28
2020-03-04,SO45605,HL44,11626,1,22
2020-03-04,SO45606,HL45,19967,1,25
2020-03-04,SO45608,HL70,11896,1,79
2020-03-04,SO45603,HL45,11296,1,4
2020-03-04,SO45607,HL58,25830,1,72
2020-03-04,SO45609,HL44,14774,1,150
2020-03-04,SO45602,HL45,12607,1,34
2020-03-04,SO45604,HL47,11317,1,144
2020-03-05,SO45612,HL45,14795,1,172
2020-03-05,SO45611,HL43,11535,1,124
2020-03-05,SO45610,HL43,11303,1,72
2020-03-06,SO45616,HL47,14800,1,4
2020-03-06,SO45619,HL44,19787,1,17
2020-03-06,SO45613,HL47,11522,1,185
2020-03-06,SO45621,HL67,11768,1,154
2020-03-06,SO45617,HL44,15354,1,112
2020-03-06,SO45618,HL44,12618,1,195
2020-03-06,SO45615,HL64,18137,1,165
2020-03-06,SO45614,HL45,23385,1,62
2020-03-06,SO45620,HL47,19951,1,151
2020-03-07,SO45630,HL72,11899,1,114
2020-03-07,SO45628,HL47,19795,1,113
2020-03-07,SO45625,HL47,11307,1,51
2020-03-07,SO45624,HL46,11291,1,190
2020-03-07,SO45623,HL44,14769,1,161
2020-03-07,SO45629,HL68,11892,1,137
2020-03-07,SO45627,HL55,18039,1,282
2020-03-07,SO45622,HL65,28470,1,23
2020-03-07,SO45626,HL43,11259,1,116
2020-03-08,SO45632,HL47,14775,1,20
2020-03-08,SO45631,HL71,11237,1,131
2020-03-08,SO45633,HL72,26011,1,11
2020-03-08,SO45634,HL47,19766,1,38
2020-03-09,SO45637,HL47,11525,1,138
2020-03-09,SO45638,HL55,14746,1,283
2020-03-09,SO45639,HL44,19782,1,76
2020-03-09,SO45640,HL44,19964,1,110
2020-03-09,SO45635,HL46,23351,1,35
2020-03-09,SO45636,HL44,11302,1,89
2020-03-10,SO45642,HL46,11623,1,77
2020-03-10,SO45641,HL44,23306,1,88
2020-03-11,SO45645,HL72,11482,1,74
2020-03-11,SO45644,HL71,28458,1,171
2020-03-11,SO45643,HL43,14541,1,143
2020-03-11,SO45647,HL68,25997,1,71
2020-03-11,SO45646,HL45,11289,1,53
2020-03-11,SO45648,HL45,19791,1,34
2020-03-12,SO45649,HL43,11319,1,69
2020-03-12,SO45653,HL68,11764,1,190
2020-03-12,SO45650,HL45,28652,1,34
2020-03-12,SO45652,HL60,25826,1,195
2020-03-12,SO45651,HL44,19771,1,41
2020-03-13,SO45660,HL45,19797,1,19
2020-03-13,SO45659,HL70,26003,1,42
2020-03-13,SO45662,HL71,11906,1,8
2020-03-13,SO45655,HL45,11323,1,287
2020-03-13,SO45661,HL64,25827,1,42
2020-03-13,SO45654,HL69,28478,1,189
2020-03-13,SO45658,HL45,11270,1,157
2020-03-13,SO45656,HL46,11617,1,64
2020-03-13,SO45663,HL68,11901,1,66
2020-03-13,SO45657,HL44,11266,1,115
2020-03-14,SO45665,HL67,26004,1,79
2020-03-14,SO45667,HL47,19957,1,16
2020-03-14,SO45666,HL56,14738,1,67
2020-03-14,SO45664,HL45,14713,1,34
2020-03-15,SO45670,HL43,11541,1,129
2020-03-15,SO45673,HL45,19790,1,16
2020-03-15,SO45677,HL69,11895,1,174
2020-03-15,SO45669,HL47,11528,1,160
2020-03-15,SO45668,HL45,11298,1,166
2020-03-15,SO45674,HL47,19948,1,92
2020-03-15,SO45676,HL70,11765,1,191
2020-03-15,SO45671,HL45,11628,1,75
2020-03-15,SO45672,HL63,19438,1,126
2020-03-15,SO45675,HL63,25829,1,29
2020-03-16,SO45679,HL47,11540,1,186
2020-03-16,SO45681,HL47,19789,1,21
2020-03-16,SO45680,HL43,23283,1,123
2020-03-16,SO45678,HL46,11281,1,41
2020-03-16,SO45682,HL45,19950,1,191
2020-03-17,SO45685,HL54,18132,1,141
2020-03-17,SO45691,HL65,11898,1,283
2020-03-17,SO45684,HL66,11485,1,10
2020-03-17,SO45687,HL65,26005,1,17
2020-03-17,SO45688,HL53,14741,1,147
2020-03-17,SO45690,HL43,19958,1,64
2020-03-17,SO45683,HL44,14709,1,149
2020-03-17,SO45686,HL67,25998,1,97
2020-03-17,SO45689,HL45,19773,1,167
2020-03-18,SO45698,HL56,14747,1,80
2020-03-18,SO45699,HL61,14750,1,112
2020-03-18,SO45694,HL45,15097,1,70
2020-03-18,SO45697,HL47,11516,1,140
2020-03-18,SO45696,HL47,11326,1,162
2020-03-18,SO45695,HL44,11292,1,285
2020-03-18,SO45693,HL46,15083,1,174
2020-03-18,SO45692,HL46,14425,1,63
2020-03-19,SO45702,HL53,18131,1,43
2020-03-19,SO45703,HL43,19947,1,19
2020-03-19,SO45700,HL43,11278,1,285
2020-03-19,SO45701,HL44,11538,1,59
2020-03-20,SO45706,HL46,11267,1,7
2020-03-20,SO45710,HL43,19963,1,282
2020-03-20,SO45705,HL44,23378,1,117
2020-03-20,SO45707,HL66,11904,1,156
2020-03-20,SO45711,HL46,19621,1,131
2020-03-20,SO45712,HL67,11767,1,161
2020-03-20,SO45708,HL46,19765,1,137
2020-03-20,SO45704,HL45,14772,1,177
2020-03-20,SO45709,HL46,19793,1,25
2020-03-21,SO45714,HL45,11534,1,22
2020-03-21,SO45713,HL47,15088,1,111
2020-03-21,SO45715,HL43,19770,1,94
2020-03-21,SO45716,HL43,19783,1,39
2020-03-22,SO45721,HL66,11766,1,29
2020-03-22,SO45717,HL43,11325,1,35
2020-03-22,SO45719,HL71,20000,1,199
2020-03-22,SO45718,HL44,11272,1,199
2020-03-22,SO45722,HL72,11908,1,199
2020-03-22,SO45720,HL46,19653,1,199
2020-03-23,SO45723,HL44,11290,1,199
2020-03-23,SO45726,HL46,12614,1,199
2020-03-23,SO45724,HL45,12620,1,199
2020-03-23,SO45727,HL71,11909,1,199
2020-03-23,SO45725,HL45,14789,1,199
2020-03-24,SO45738,HL67,11900,1,199
2020-03-24,SO45735,HL47,19792,1,199
2020-03-24,SO45732,HL44,11537,1,199
2020-03-24,SO45734,HL47,11630,1,199
2020-03-24,SO45731,HL43,11286,1,199
2020-03-24,SO45737,HL44,19965,1,199
2020-03-24,SO45739,HL69,11903,1,199
2020-03-24,SO45728,HL46,14426,1,199
2020-03-24,SO45736,HL43,19960,1,199
2020-03-24,SO45730,HL71,28471,1,199
2020-03-24,SO45729,HL46,15087,1,199
2020-03-24,SO45733,HL44,11624,1,199
2020-03-25,SO45742,HL45,19620,1,199
2020-03-25,SO45744,HL72,11894,1,199
2020-03-25,SO45741,HL47,19788,1,308
2020-03-25,SO45740,HL47,19786,1,308
2020-03-25,SO45743,HL46,19631,1,308
2020-03-26,SO45753,HL44,19966,1,308
2020-03-26,SO45751,HL63,14739,1,308
2020-03-26,SO45752,HL47,19772,1,308
2020-03-26,SO45747,HL47,11539,1,308
2020-03-26,SO45745,HL45,15089,1,308
2020-03-26,SO45750,HL66,26001,1,308
2020-03-26,SO45749,HL44,14797,1,308
2020-03-26,SO45748,HL59,18046,1,308
2020-03-26,SO45746,HL45,23376,1,308
2020-03-27,SO45754,HL44,11529,1,308
2020-03-27,SO45755,HL47,11536,1,308
2020-03-27,SO45756,HL46,11625,1,200
2020-03-28,SO45760,HL44,11329,1,200
2020-03-28,SO45762,HL45,12621,1,200
2020-03-28,SO45764,HL43,19652,1,200
2020-03-28,SO45761,HL47,11629,1,200
2020-03-28,SO45758,HL45,15106,1,200
2020-03-28,SO45763,HL47,19959,1,200
2020-03-28,SO45759,HL46,11295,1,200
2020-03-28,SO45757,HL45,12561,1,200
2020-03-29,SO45769,HL47,11327,1,200
2020-03-29,SO45766,HL45,11297,1,200
2020-03-29,SO45767,HL43,11299,1,200
2020-03-29,SO45765,HL71,11245,1,200
2020-03-29,SO45770,HL44,19956,1,200
2020-03-29,SO45768,HL43,11324,1,200
2020-03-30,SO45771,HL47,11271,1,200
2020-03-30,SO45773,HL44,19949,1,200
2020-03-30,SO45772,HL46,19785,1,295
2020-03-30,SO45774,HL45,11261,1,268
2020-03-31,SO45775,HL47,14207,1,255
2020-03-31,SO45776,HL46,23281,1,270
2020-03-31,SO45778,HL72,26002,1,300
2020-03-31,SO45777,HL67,11907,1,254
2020-04-01,SO45818,HL57,14868,1,260
2020-04-01,SO45819,HL45,20160,1,269
2020-04-01,SO45817,HL44,14801,1,278
2020-04-01,SO45820,HL63,25832,1,267
2020-04-01,SO45816,HL46,11830,1,294
2020-04-02,SO45821,HL67,26041,1,293
2020-04-02,SO45822,HL45,20246,1,296
2020-04-02,SO45823,HL44,20253,1,272
2020-04-03,SO45828,HL58,14753,1,264
2020-04-03,SO45829,HL43,20245,1,269
2020-04-03,SO45825,HL47,23725,1,277
2020-04-03,SO45830,HL47,20151,1,267
2020-04-03,SO45832,HL72,11916,1,295
2020-04-03,SO45827,HL45,15440,1,256
2020-04-03,SO45826,HL43,23858,1,265
2020-04-03,SO45824,HL45,11696,1,268
2020-04-03,SO45831,HL46,20158,1,294
2020-04-04,SO45837,HL69,26050,1,268
2020-04-04,SO45838,HL44,20213,1,299
2020-04-04,SO45833,HL46,11815,1,298
2020-04-04,SO45834,HL45,11816,1,255
2020-04-04,SO45836,HL44,14823,1,281
2020-04-04,SO45839,HL70,11915,1,281
2020-04-04,SO45835,HL46,11688,1,270
2020-04-05,SO45844,HL45,11812,1,299
2020-04-05,SO45842,HL47,11742,1,255
2020-04-05,SO45841,HL44,12804,1,292
2020-04-05,SO45843,HL45,11775,1,295
2020-04-06,SO45848,HL63,14852,1,265
2020-04-06,SO45845,HL44,23566,1,272
2020-04-06,SO45847,HL66,26015,1,268
2020-04-06,SO45846,HL47,23592,1,261
2020-04-06,SO45849,HL45,20154,1,293
2020-04-07,SO45852,HL63,18143,1,301
2020-04-07,SO45854,HL45,15620,1,251
2020-04-07,SO45858,HL71,11952,1,272
2020-04-07,SO45855,HL62,14754,1,257
2020-04-07,SO45851,HL45,11683,1,276
2020-04-07,SO45853,HL46,15453,1,293
2020-04-07,SO45856,HL44,20247,1,275
2020-04-07,SO45850,HL43,11776,1,300
2020-04-07,SO45857,HL72,11919,1,294
2020-04-08,SO45861,HL44,12650,1,268
2020-04-08,SO45860,HL45,23829,1,254
2020-04-08,SO45859,HL47,12754,1,276
2020-04-09,SO45862,HL45,14827,1,267
2020-04-09,SO45864,HL44,19968,1,253
2020-04-09,SO45866,HL43,15621,1,293
2020-04-09,SO45865,HL45,20157,1,292
2020-04-09,SO45863,HL47,11873,1,261
2020-04-10,SO45867,HL45,11772,1,267
2020-04-10,SO45868,HL43,14819,1,293
2020-04-10,SO45871,HL56,25919,1,297
2020-04-10,SO45869,HL43,14822,1,297
2020-04-10,SO45870,HL70,26012,1,307
2020-04-11,SO45873,HL47,11925,1,307
2020-04-11,SO45874,HL72,20007,1,307
2020-04-11,SO45876,HL47,19975,1,307
2020-04-11,SO45875,HL43,20242,1,307
2020-04-11,SO45872,HL68,11249,1,307
2020-04-11,SO45877,HL72,11910,1,307
2020-04-12,SO45889,HL71,11920,1,307
2020-04-12,SO45882,HL45,11745,1,307
2020-04-12,SO45886,HL69,26042,1,307
2020-04-12,SO45879,HL62,19443,1,307
2020-04-12,SO45881,HL43,23397,1,307
2020-04-12,SO45887,HL58,14880,1,307
2020-04-12,SO45883,HL46,11799,1,307
2020-04-12,SO45884,HL46,11678,1,307
2020-04-12,SO45885,HL46,12655,1,307
2020-04-12,SO45880,HL46,11707,1,307
2020-04-12,SO45878,HL43,12750,1,307
2020-04-13,SO45893,HL46,23842,1,310
2020-04-13,SO45890,HL70,11338,1,310
2020-04-13,SO45891,HL67,11380,1,310
2020-04-13,SO45892,HL45,20226,1,310
2020-04-14,SO45895,HL44,11727,1,310
2020-04-14,SO45896,HL44,12632,1,310
2020-04-14,SO45894,HL59,19450,1,310
2020-04-15,SO45898,HL43,23830,1,310
2020-04-15,SO45904,HL44,20241,1,310
2020-04-15,SO45906,HL45,20159,1,310
2020-04-15,SO45902,HL47,15614,1,310
2020-04-15,SO45900,HL45,11837,1,310
2020-04-15,SO45901,HL45,11665,1,310
2020-04-15,SO45909,HL70,11947,1,310
2020-04-15,SO45908,HL68,11918,1,310
2020-04-15,SO45903,HL43,15619,1,310
2020-04-15,SO45897,HL46,11933,1,310
2020-04-15,SO45899,HL43,11817,1,310
2020-04-15,SO45905,HL44,20152,1,306
2020-04-15,SO45907,HL43,20214,1,306
2020-04-16,SO45911,HL47,11797,1,306
2020-04-16,SO45915,HL68,11930,1,306
2020-04-16,SO45910,HL44,11777,1,306
2020-04-16,SO45913,HL65,26014,1,306
2020-04-16,SO45916,HL67,11964,1,306
2020-04-16,SO45912,HL45,23819,1,306
2020-04-16,SO45914,HL70,11929,1,306
2020-04-17,SO45923,HL46,11811,1,306
2020-04-17,SO45921,HL45,11798,1,306
2020-04-17,SO45917,HL67,11332,1,306
2020-04-17,SO45925,HL68,11942,1,306
2020-04-17,SO45919,HL45,11780,1,306
2020-04-17,SO45922,HL47,23731,1,306
2020-04-17,SO45920,HL44,23730,1,306
2020-04-17,SO45924,HL43,14803,1,306
2020-04-17,SO45918,HL46,11741,1,306
2020-04-18,SO45929,HL43,11825,1,306
2020-04-18,SO45926,HL44,23486,1,306
2020-04-18,SO45927,HL45,11796,1,306
2020-04-18,SO45930,HL57,18148,1,306
2020-04-18,SO45928,HL46,11813,1,306
2020-04-18,SO45932,HL43,20211,1,306
2020-04-18,SO45931,HL43,20249,1,306
2020-04-19,SO45934,HL46,11666,1,309
2020-04-19,SO45936,HL70,26016,1,309
2020-04-19,SO45935,HL56,19439,1,309
2020-04-19,SO45933,HL46,11779,1,309
2020-04-20,SO45938,HL44,11654,1,309
2020-04-20,SO45942,HL45,20219,1,309
2020-04-20,SO45940,HL46,20244,1,309
2020-04-20,SO45947,HL72,11943,1,309
2020-04-20,SO45939,HL60,14757,1,309
2020-04-20,SO45943,HL43,20221,1,309
2020-04-20,SO45941,HL43,19978,1,309
2020-04-20,SO45946,HL71,11914,1,309
2020-04-20,SO45937,HL45,14824,1,309
2020-04-20,SO45945,HL55,25920,1,309
2020-04-20,SO45944,HL45,20225,1,309
2020-04-21,SO45948,HL64,14879,1,309
2020-04-21,SO45950,HL45,19974,1,309
2020-04-21,SO45951,HL69,11944,1,309
2020-04-21,SO45952,HL68,11969,1,309
2020-04-21,SO45949,HL43,19970,1,309
2020-04-22,SO45954,HL47,11810,1,309
2020-04-22,SO45955,HL65,26055,1,203
2020-04-22,SO45956,HL45,19979,1,222
2020-04-22,SO45953,HL47,23859,1,236
2020-04-23,SO45963,HL43,20238,1,211
2020-04-23,SO45966,HL66,11946,1,244
2020-04-23,SO45965,HL53,25921,1,236
2020-04-23,SO45958,HL44,11818,1,249
2020-04-23,SO45959,HL44,11872,1,203
2020-04-23,SO45961,HL45,12717,1,225
2020-04-23,SO45964,HL43,20215,1,233
2020-04-23,SO45960,HL47,11671,1,231
2020-04-23,SO45957,HL45,11809,1,221
2020-04-23,SO45962,HL43,20227,1,214
2020-04-24,SO45968,HL44,11834,1,236
2020-04-24,SO45969,HL43,20156,1,239
2020-04-24,SO45967,HL56,19454,1,244
2020-04-25,SO45971,HL66,11335,1,243
2020-04-25,SO45973,HL46,11773,1,213
2020-04-25,SO45972,HL55,19472,1,225
2020-04-25,SO45976,HL47,20239,1,214
2020-04-25,SO45978,HL71,11967,1,240
2020-04-25,SO45975,HL55,14755,1,249
2020-04-25,SO45977,HL46,20216,1,240
2020-04-25,SO45974,HL68,26018,1,250
2020-04-26,SO45980,HL45,15631,1,305
2020-04-26,SO45982,HL43,19977,1,305
2020-04-26,SO45981,HL43,12805,1,231
2020-04-26,SO45979,HL44,15630,1,217
2020-04-27,SO45991,HL72,11976,1,304
2020-04-27,SO45984,HL46,11690,1,225
2020-04-27,SO45986,HL47,11743,1,225
2020-04-27,SO45989,HL44,12631,1,263
2020-04-27,SO45988,HL47,11675,1,238
2020-04-27,SO45985,HL47,11708,1,239
2020-04-27,SO45990,HL47,12711,1,226
2020-04-27,SO45983,HL47,14830,1,218
2020-04-27,SO45987,HL43,11854,1,219
2020-04-28,SO45995,HL43,23846,1,305
2020-04-28,SO45998,HL64,25918,1,243
2020-04-28,SO45997,HL55,14756,1,237
2020-04-28,SO45994,HL44,11774,1,246
2020-04-28,SO45993,HL46,11924,1,303
2020-04-28,SO45992,HL60,19451,1,212
2020-04-28,SO45996,HL45,11839,1,221
2020-04-29,SO46004,HL44,11664,1,205
2020-04-29,SO45999,HL44,23583,1,227
2020-04-29,SO46006,HL46,20236,1,227
2020-04-29,SO46003,HL45,11831,1,200
2020-04-29,SO46000,HL43,11778,1,200
2020-04-29,SO46002,HL43,11826,1,200
2020-04-29,SO46005,HL45,12749,1,200
2020-04-29,SO46001,HL43,23806,1,200
2020-04-29,SO46008,HL69,11912,1,199
2020-04-29,SO46009,HL65,11917,1,199
2020-04-29,SO46007,HL45,20220,1,199
2020-04-30,SO46013,HL44,11705,1,199
2020-04-30,SO46011,HL72,11489,1,199
2020-04-30,SO46021,HL47,19971,1,307
2020-04-30,SO46010,HL69,11488,1,307
2020-04-30,SO46015,HL46,23511,1,307
2020-04-30,SO46014,HL46,23396,1,308
2020-04-30,SO46017,HL47,11886,1,252
2020-04-30,SO46022,HL67,11968,1,192
2020-04-30,SO46016,HL45,11885,1,309
2020-04-30,SO46020,HL46,20228,1,309
2020-04-30,SO46018,HL45,11663,1,306
2020-04-30,SO46019,HL63,14752,1,306
2020-04-30,SO46012,HL58,19453,1,306
2020-05-01,SO46110,HL44,12169,1,306
2020-05-01,SO46118,HL47,20611,1,306
2020-05-01,SO46114,HL46,12053,1,306
2020-05-01,SO46117,HL43,20446,1,306
2020-05-01,SO46112,HL45,11945,1,306
2020-05-01,SO46108,HL43,12018,1,306
2020-05-01,SO46111,HL44,11937,1,249
2020-05-01,SO46116,HL59,14912,1,237
2020-05-01,SO46113,HL43,11955,1,247
2020-05-01,SO46115,HL45,12104,1,309
2020-05-01,SO46109,HL45,12167,1,309
2020-05-01,SO46119,HL56,25927,1,309
2020-05-02,SO46123,HL45,12152,1,309
2020-05-02,SO46120,HL46,12023,1,309
2020-05-02,SO46121,HL45,12069,1,309
2020-05-02,SO46124,HL44,20447,1,309
2020-05-02,SO46122,HL46,24284,1,309
2020-05-03,SO46125,HL43,11956,1,269
2020-05-03,SO46127,HL60,14895,1,310
2020-05-03,SO46129,HL46,20420,1,310
2020-05-03,SO46128,HL47,14945,1,310
2020-05-04,SO46133,HL45,12105,1,310
2020-05-04,SO46130,HL44,12171,1,310
2020-05-04,SO46139,HL68,11977,1,310
2020-05-04,SO46135,HL46,20416,1,310
2020-05-04,SO46137,HL46,20600,1,310
2020-05-04,SO46138,HL44,13405,1,307
2020-05-04,SO46140,HL71,11991,1,307
2020-05-04,SO46134,HL45,20259,1,307
2020-05-04,SO46136,HL45,20426,1,307
2020-05-04,SO46131,HL45,11954,1,307
2020-05-04,SO46132,HL47,23865,1,307
2020-05-05,SO46142,HL44,24310,1,307
2020-05-05,SO46143,HL68,26090,1,307
2020-05-05,SO46144,HL71,26094,1,307
2020-05-06,SO46146,HL66,11421,1,306
2020-05-06,SO46151,HL72,26082,1,306
2020-05-06,SO46154,HL70,11989,1,200
2020-05-06,SO46148,HL43,12052,1,200
2020-05-06,SO46153,HL55,25928,1,200
2020-05-06,SO46150,HL61,20569,1,200
2020-05-06,SO46147,HL53,19476,1,200
2020-05-06,SO46149,HL44,12120,1,200
2020-05-07,SO46155,HL43,12076,1,200
2020-05-07,SO46157,HL66,26056,1,200
2020-05-07,SO46158,HL53,25926,1,200
2020-05-07,SO46156,HL47,12118,1,200
2020-05-07,SO46159,HL72,11996,1,200
2020-05-08,SO46162,HL46,12163,1,199
2020-05-08,SO46163,HL45,12042,1,199
2020-05-08,SO46169,HL46,12094,1,199
2020-05-08,SO46168,HL60,25936,1,199
2020-05-08,SO46165,HL43,12141,1,199
2020-05-08,SO46167,HL68,11997,1,308
2020-05-08,SO46166,HL46,15657,1,308
2020-05-08,SO46164,HL45,12079,1,308
2020-05-08,SO46161,HL44,12819,1,308
2020-05-08,SO46160,HL72,11412,1,308
2020-05-09,SO46172,HL43,12030,1,308
2020-05-09,SO46175,HL70,12003,1,308
2020-05-09,SO46170,HL45,12156,1,189
2020-05-09,SO46174,HL44,20608,1,132
2020-05-09,SO46171,HL43,24342,1,193
2020-05-09,SO46173,HL44,20283,1,168
2020-05-10,SO46176,HL70,11491,1,137
2020-05-10,SO46177,HL45,12102,1,184
2020-05-10,SO46178,HL60,25937,1,50
2020-05-11,SO46180,HL43,12084,1,85
2020-05-11,SO46179,HL46,11983,1,289
2020-05-11,SO46181,HL69,12004,1,41
2020-05-11,SO46182,HL67,11995,1,186
2020-05-12,SO46183,HL72,28492,1,107
2020-05-12,SO46190,HL45,15653,1,147
2020-05-12,SO46185,HL47,15632,1,187
2020-05-12,SO46187,HL46,24235,1,78
2020-05-12,SO46189,HL45,20606,1,102
2020-05-12,SO46191,HL43,14956,1,289
2020-05-12,SO46188,HL43,20430,1,55
2020-05-12,SO46186,HL43,12041,1,2
2020-05-13,SO46202,HL53,25935,1,89
2020-05-13,SO46197,HL68,26061,1,15
2020-05-13,SO46200,HL43,20260,1,58
2020-05-13,SO46195,HL47,12027,1,119
2020-05-13,SO46199,HL47,20256,1,77
2020-05-13,SO46201,HL47,20610,1,170
2020-05-13,SO46203,HL67,11999,1,108
2020-05-13,SO46204,HL69,11988,1,157
2020-05-13,SO46194,HL46,11939,1,68
2020-05-13,SO46196,HL43,12109,1,94
2020-05-13,SO46192,HL47,12830,1,176
2020-05-13,SO46198,HL65,26089,1,143
2020-05-13,SO46193,HL64,18634,1,64
2020-05-14,SO46209,HL45,12849,1,198
2020-05-14,SO46207,HL69,26091,1,46
2020-05-14,SO46208,HL44,20284,1,176
2020-05-14,SO46206,HL69,20023,1,188
2020-05-14,SO46210,HL46,12866,1,105
2020-05-14,SO46205,HL46,12162,1,111
2020-05-15,SO46213,HL47,12050,1,83
2020-05-15,SO46216,HL47,20456,1,120
2020-05-15,SO46215,HL43,20429,1,84
2020-05-15,SO46212,HL45,12173,1,60
2020-05-15,SO46211,HL57,18163,1,148
2020-05-15,SO46217,HL47,20614,1,146
2020-05-15,SO46214,HL44,12072,1,134
2020-05-16,SO46219,HL46,24332,1,31
2020-05-16,SO46224,HL57,14902,1,70
2020-05-16,SO46218,HL46,12820,1,26
2020-05-16,SO46227,HL72,11990,1,11
2020-05-16,SO46226,HL46,13263,1,157
2020-05-16,SO46222,HL61,14891,1,8
2020-05-16,SO46225,HL46,20261,1,96
2020-05-16,SO46228,HL70,11993,1,73
2020-05-16,SO46223,HL56,14892,1,19
2020-05-16,SO46220,HL46,24344,1,168
2020-05-16,SO46221,HL47,23866,1,54
2020-05-17,SO46229,HL65,11395,1,30
2020-05-17,SO46234,HL45,12110,1,165
2020-05-17,SO46232,HL44,12058,1,177
2020-05-17,SO46230,HL65,11493,1,127
2020-05-17,SO46231,HL43,12016,1,84
2020-05-17,SO46233,HL47,23867,1,17
2020-05-17,SO46236,HL71,12001,1,59
2020-05-17,SO46235,HL45,12151,1,166
2020-05-17,SO46237,HL45,12843,1,180
2020-05-18,SO46240,HL47,23868,1,157
2020-05-18,SO46242,HL47,20423,1,15
2020-05-18,SO46244,HL43,13504,1,22
2020-05-18,SO46245,HL47,14967,1,153
2020-05-18,SO46239,HL45,14927,1,91
2020-05-18,SO46238,HL44,14838,1,161
2020-05-18,SO46243,HL44,20613,1,130
2020-05-18,SO46241,HL66,20034,1,145
2020-05-19,SO46248,HL55,14896,1,30
2020-05-19,SO46249,HL68,12000,1,199
2020-05-19,SO46250,HL46,14940,1,199
2020-05-19,SO46251,HL71,11998,1,308
2020-05-19,SO46247,HL60,14882,1,308
2020-05-19,SO46246,HL47,12143,1,308
2020-05-20,SO46256,HL47,15652,1,308
2020-05-20,SO46254,HL43,12096,1,308
2020-05-20,SO46252,HL46,14939,1,308
2020-05-20,SO46255,HL45,20451,1,200
2020-05-20,SO46253,HL44,12082,1,200
2020-05-20,SO46257,HL67,11992,1,200
2020-05-21,SO46262,HL46,20445,1,200
2020-05-21,SO46258,HL46,12160,1,200
2020-05-21,SO46260,HL43,12108,1,200
2020-05-21,SO46261,HL69,26075,1,265
2020-05-21,SO46263,HL43,12834,1,301
2020-05-21,SO46259,HL46,12025,1,256
2020-05-22,SO46264,HL71,28491,1,298
2020-05-22,SO46267,HL47,20448,1,269
2020-05-22,SO46265,HL45,11934,1,299
2020-05-22,SO46268,HL44,20615,1,292
2020-05-22,SO46266,HL47,20425,1,293
2020-05-23,SO46272,HL44,12116,1,264
2020-05-23,SO46276,HL44,20612,1,268
2020-05-23,SO46271,HL46,12172,1,293
2020-05-23,SO46275,HL46,20450,1,301
2020-05-23,SO46274,HL71,26070,1,298
2020-05-23,SO46270,HL45,24309,1,299
2020-05-23,SO46273,HL72,26060,1,253
2020-05-24,SO46277,HL54,19482,1,257
2020-05-24,SO46281,HL68,26057,1,301
2020-05-24,SO46278,HL56,19496,1,270
2020-05-24,SO46282,HL66,26058,1,294
2020-05-24,SO46279,HL45,12155,1,270
2020-05-24,SO46285,HL67,12005,1,272
2020-05-24,SO46280,HL44,12121,1,277
2020-05-24,SO46283,HL72,26093,1,297
2020-05-25,SO46289,HL46,12075,1,307
2020-05-25,SO46286,HL62,18175,1,307
2020-05-25,SO46290,HL72,26066,1,307
2020-05-25,SO46288,HL44,12059,1,307
2020-05-25,SO46292,HL46,20418,1,307
2020-05-25,SO46291,HL46,20258,1,310
2020-05-25,SO46293,HL44,14951,1,310
2020-05-25,SO46287,HL45,12026,1,310
2020-05-25,SO46294,HL66,11986,1,310
2020-05-26,SO46299,HL47,20264,1,310
2020-05-26,SO46300,HL47,20452,1,230
2020-05-26,SO46297,HL46,12033,1,217
2020-05-26,SO46298,HL47,12071,1,220
2020-05-26,SO46296,HL47,12170,1,245
2020-05-27,SO46304,HL71,12002,1,235
2020-05-27,SO46305,HL44,14952,1,234
2020-05-27,SO46302,HL43,12083,1,210
2020-05-27,SO46301,HL46,12817,1,210
2020-05-27,SO46303,HL63,25922,1,246
2020-05-28,SO46308,HL43,20609,1,208
2020-05-28,SO46309,HL71,11994,1,211
2020-05-28,SO46307,HL47,20427,1,248
2020-05-28,SO46310,HL61,25938,1,213
2020-05-28,SO46306,HL44,12164,1,309
2020-05-29,SO46311,HL47,12841,1,309
2020-05-30,SO46316,HL72,26083,1,309
2020-05-30,SO46314,HL45,12112,1,306
2020-05-30,SO46318,HL45,20444,1,306
2020-05-30,SO46315,HL44,12142,1,306
2020-05-30,SO46313,HL46,12078,1,306
2020-05-30,SO46312,HL47,12153,1,306
2020-05-30,SO46317,HL60,14884,1,306
2020-05-31,SO46319,HL44,12103,1,99
2020-05-31,SO46321,HL58,14894,1,200
2020-05-31,SO46320,HL72,26084,1,129
2020-06-01,SO46393,HL47,15695,1,173
2020-06-01,SO46391,HL45,20995,1,199
2020-06-01,SO46390,HL46,12440,1,310
2020-06-01,SO46392,HL46,13537,1,307
2020-06-02,SO46396,HL44,12442,1,213
2020-06-02,SO46405,HL43,20994,1,95
2020-06-02,SO46395,HL67,11496,1,17
2020-06-02,SO46398,HL44,20992,1,176
2020-06-02,SO46399,HL47,20820,1,310
2020-06-02,SO46402,HL46,20616,1,306
2020-06-02,SO46397,HL57,27014,1,288
2020-06-02,SO46400,HL47,20987,1,199
2020-06-02,SO46401,HL43,20993,1,199
2020-06-02,SO46403,HL47,14990,1,200
2020-06-02,SO46394,HL47,15055,1,200
2020-06-02,SO46404,HL45,15692,1,261
2020-06-03,SO46407,HL64,27026,1,276
2020-06-03,SO46406,HL45,12779,1,307
2020-06-03,SO46408,HL72,12011,1,309
2020-06-04,SO46413,HL67,20075,1,306
2020-06-04,SO46414,HL62,15006,1,306
2020-06-04,SO46411,HL47,24661,1,306
2020-06-04,SO46415,HL43,20819,1,309
2020-06-04,SO46412,HL44,24493,1,306
2020-06-04,SO46409,HL46,15073,1,199
2020-06-05,SO46418,HL45,20988,1,199
2020-06-05,SO46419,HL65,12021,1,128
2020-06-05,SO46420,HL46,13511,1,306
2020-06-05,SO46416,HL46,12181,1,238
2020-06-05,SO46421,HL61,25949,1,199
2020-06-05,SO46417,HL47,12441,1,306
2020-06-06,SO46426,HL65,26107,1,306
2020-06-06,SO46428,HL44,20629,1,202
2020-06-06,SO46424,HL45,12435,1,215
2020-06-06,SO46427,HL71,20182,1,204
2020-06-06,SO46425,HL46,24496,1,306
2020-06-06,SO46422,HL44,12884,1,261
2020-06-06,SO46423,HL46,12362,1,200
2020-06-07,SO46432,HL64,15016,1,200
2020-06-07,SO46429,HL66,11428,1,200
2020-06-07,SO46436,HL68,12337,1,307
2020-06-07,SO46433,HL45,20991,1,308
2020-06-07,SO46434,HL46,20996,1,308
2020-06-07,SO46431,HL43,12901,1,310
2020-06-07,SO46430,HL47,13564,1,310
2020-06-07,SO46435,HL69,12251,1,307
2020-06-08,SO46442,HL47,14997,1,307
2020-06-08,SO46441,HL45,15661,1,307
2020-06-08,SO46438,HL46,12174,1,307
2020-06-08,SO46439,HL46,20817,1,307
2020-06-08,SO46443,HL47,15662,1,310
2020-06-08,SO46440,HL45,20621,1,310
2020-06-08,SO46437,HL46,15054,1,310
2020-06-08,SO46444,HL72,12246,1,275
2020-06-09,SO46445,HL45,12772,1,301
2020-06-09,SO46448,HL65,12250,1,278
2020-06-09,SO46446,HL45,12777,1,276
2020-06-09,SO46447,HL45,20984,1,253
2020-06-09,SO46449,HL66,12007,1,251
2020-06-10,SO46456,HL67,12014,1,276
2020-06-10,SO46451,HL43,12709,1,296
2020-06-10,SO46453,HL46,20626,1,259
2020-06-10,SO46450,HL47,12446,1,253
2020-06-10,SO46452,HL70,26112,1,301
2020-06-10,SO46455,HL47,15669,1,122
2020-06-10,SO46454,HL43,20812,1,57
2020-06-10,SO46457,HL55,25947,1,113
2020-06-11,SO46460,HL45,12438,1,182
2020-06-11,SO46461,HL44,20821,1,288
2020-06-11,SO46459,HL46,12190,1,1
2020-06-11,SO46462,HL66,12013,1,68
2020-06-11,SO46458,HL43,12771,1,1
2020-06-12,SO46468,HL44,24431,1,182
2020-06-12,SO46472,HL65,12248,1,185
2020-06-12,SO46467,HL47,12180,1,172
2020-06-12,SO46463,HL69,11423,1,74
2020-06-12,SO46464,HL43,12885,1,5
2020-06-12,SO46473,HL44,14969,1,288
2020-06-12,SO46466,HL44,12915,1,57
2020-06-12,SO46470,HL54,14915,1,128
2020-06-12,SO46465,HL44,12898,1,57
2020-06-12,SO46469,HL59,19033,1,36
2020-06-12,SO46471,HL43,14979,1,111
2020-06-12,SO46474,HL64,25944,1,34
2020-06-13,SO46477,HL67,12009,1,128
2020-06-13,SO46476,HL71,26110,1,164
2020-06-13,SO46475,HL54,20575,1,128
2020-06-13,SO46478,HL56,25939,1,113
2020-06-14,SO46482,HL67,12245,1,68
2020-06-14,SO46480,HL68,26114,1,136
2020-06-14,SO46479,HL43,12768,1,50
2020-06-14,SO46481,HL46,20623,1,199
2020-06-15,SO46485,HL46,12755,1,199
2020-06-15,SO46487,HL62,14913,1,199
2020-06-15,SO46484,HL45,12437,1,199
2020-06-15,SO46488,HL45,20628,1,308
2020-06-15,SO46486,HL59,19901,1,308
2020-06-15,SO46483,HL45,12883,1,308
2020-06-16,SO46489,HL46,24666,1,200
2020-06-16,SO46490,HL46,12189,1,200
2020-06-17,SO46491,HL47,24759,1,200
2020-06-17,SO46495,HL44,20989,1,200
2020-06-17,SO46493,HL57,15023,1,200
2020-06-17,SO46494,HL46,20983,1,49
2020-06-17,SO46492,HL45,12198,1,162
2020-06-17,SO46496,HL45,20627,1,21
2020-06-18,SO46504,HL64,15005,1,69
2020-06-18,SO46503,HL43,12764,1,148
2020-06-18,SO46499,HL43,12179,1,167
2020-06-18,SO46501,HL57,19518,1,78
2020-06-18,SO46500,HL47,12208,1,27
2020-06-18,SO46506,HL70,12242,1,54
2020-06-18,SO46498,HL46,12881,1,77
2020-06-18,SO46497,HL43,13558,1,9
2020-06-18,SO46505,HL68,12241,1,62
2020-06-18,SO46507,HL53,25941,1,86
2020-06-18,SO46502,HL57,19051,1,283
2020-06-19,SO46519,HL43,15660,1,58
2020-06-19,SO46516,HL72,26116,1,91
2020-06-19,SO46513,HL46,24418,1,21
2020-06-19,SO46514,HL64,19028,1,129
2020-06-19,SO46517,HL46,20624,1,153
2020-06-19,SO46510,HL44,24386,1,8
2020-06-19,SO46515,HL63,19904,1,19
2020-06-19,SO46509,HL43,12886,1,139
2020-06-19,SO46520,HL45,24491,1,286
2020-06-19,SO46518,HL47,20814,1,28
2020-06-19,SO46512,HL44,12209,1,146
2020-06-19,SO46511,HL46,24392,1,38
2020-06-19,SO46508,HL70,28504,1,46
2020-06-20,SO46523,HL46,12756,1,171
2020-06-20,SO46521,HL43,12770,1,16
2020-06-20,SO46525,HL47,20816,1,62
2020-06-20,SO46522,HL45,12882,1,116
2020-06-20,SO46527,HL60,25940,1,284
2020-06-20,SO46526,HL68,12253,1,151
2020-06-20,SO46524,HL72,26111,1,102
2020-06-21,SO46536,HL44,13556,1,288
2020-06-21,SO46532,HL62,19041,1,157
2020-06-21,SO46530,HL46,24671,1,175
2020-06-21,SO46533,HL69,26106,1,35
2020-06-21,SO46529,HL47,12784,1,282
2020-06-21,SO46528,HL44,15063,1,59
2020-06-21,SO46531,HL43,12423,1,137
2020-06-21,SO46535,HL43,20815,1,99
2020-06-21,SO46534,HL45,20620,1,186
2020-06-22,SO46541,HL43,20617,1,73
2020-06-22,SO46537,HL65,11427,1,92
2020-06-22,SO46538,HL43,12774,1,44
2020-06-22,SO46539,HL47,12200,1,181
2020-06-22,SO46540,HL47,20822,1,151
2020-06-23,SO46552,HL57,15017,1,153
2020-06-23,SO46551,HL58,14914,1,126
2020-06-23,SO46553,HL45,20985,1,99
2020-06-23,SO46542,HL68,11431,1,115
2020-06-23,SO46556,HL56,25948,1,39
2020-06-23,SO46543,HL66,11549,1,59
2020-06-23,SO46546,HL43,12780,1,6
2020-06-23,SO46544,HL44,12766,1,146
2020-06-23,SO46545,HL43,24646,1,14
2020-06-23,SO46555,HL72,12010,1,149
2020-06-23,SO46554,HL46,20990,1,183
2020-06-23,SO46548,HL43,12418,1,75
2020-06-23,SO46550,HL71,26097,1,64
2020-06-23,SO46549,HL46,12452,1,89
2020-06-23,SO46547,HL46,12917,1,81
2020-06-24,SO46563,HL53,25945,1,51
2020-06-24,SO46558,HL47,12184,1,119
2020-06-24,SO46562,HL44,14978,1,191
2020-06-24,SO46559,HL43,12762,1,92
2020-06-24,SO46560,HL65,26096,1,71
2020-06-24,SO46561,HL45,20625,1,60
2020-06-24,SO46557,HL43,12904,1,196
2020-06-25,SO46568,HL45,12761,1,163
2020-06-25,SO46567,HL46,12707,1,84
2020-06-25,SO46566,HL44,12789,1,158
2020-06-25,SO46565,HL44,12769,1,39
2020-06-26,SO46570,HL46,13536,1,124
2020-06-26,SO46569,HL45,12450,1,142
2020-06-26,SO46571,HL46,15668,1,147
2020-06-26,SO46574,HL69,12243,1,152
2020-06-26,SO46575,HL72,12338,1,172
2020-06-26,SO46573,HL47,13555,1,167
2020-06-26,SO46572,HL47,13552,1,104
2020-06-27,SO46576,HL43,24757,1,27
2020-06-27,SO46581,HL47,12188,1,197
2020-06-27,SO46577,HL44,12913,1,100
2020-06-27,SO46579,HL44,12186,1,103
2020-06-27,SO46578,HL47,12178,1,186
2020-06-27,SO46583,HL43,20622,1,43
2020-06-27,SO46584,HL69,12252,1,30
2020-06-27,SO46580,HL43,12187,1,129
2020-06-27,SO46582,HL47,12207,1,193
2020-06-28,SO46589,HL56,25946,1,116
2020-06-28,SO46588,HL72,20035,1,81
2020-06-28,SO46586,HL46,12364,1,173
2020-06-28,SO46587,HL47,12448,1,6
2020-06-28,SO46585,HL47,15050,1,195
2020-06-29,SO46593,HL47,12912,1,130
2020-06-29,SO46592,HL46,24664,1,119
2020-06-29,SO46595,HL45,15691,1,113
2020-06-29,SO46596,HL70,12037,1,135
2020-06-29,SO46594,HL47,20818,1,169
2020-06-29,SO46597,HL69,12039,1,41
2020-06-29,SO46591,HL43,12773,1,91
2020-06-29,SO46590,HL45,24501,1,4
2020-06-30,SO46603,HL66,12240,1,66
2020-06-30,SO46601,HL66,26098,1,163
2020-06-30,SO46598,HL44,15080,1,116
2020-06-30,SO46600,HL60,19027,1,195
2020-06-30,SO46599,HL43,12206,1,155
2020-06-30,SO46602,HL45,20823,1,13
2020-07-01,SO46677,HL86,15460,1,69
2020-07-01,SO46679,HL87,13062,1,20
2020-07-01,SO46683,HL74,12571,1,194
2020-07-01,SO46681,HL78,12349,1,119
2020-07-01,SO46676,HL93,18047,1,288
2020-07-01,SO46682,HL76,12355,1,18
2020-07-01,SO46680,HL86,21193,1,194
2020-07-01,SO46678,HL58,19930,1,73
2020-07-02,SO46685,HL89,12947,1,63
2020-07-02,SO46684,HL91,18125,1,169
2020-07-02,SO46686,HL55,20577,1,170
2020-07-03,SO46687,HL90,15457,1,13
2020-07-03,SO46695,HL76,20208,1,170
2020-07-03,SO46692,HL84,13208,1,154
2020-07-03,SO46697,HL86,21173,1,103
2020-07-03,SO46693,HL87,13210,1,21
2020-07-03,SO46694,HL87,13220,1,5
2020-07-03,SO46689,HL84,13032,1,44
2020-07-03,SO46699,HL57,25961,1,283
2020-07-03,SO46698,HL89,21206,1,79
2020-07-03,SO46696,HL85,21166,1,71
2020-07-03,SO46690,HL83,13039,1,139
2020-07-03,SO46688,HL84,12929,1,134
2020-07-03,SO46691,HL83,13142,1,92
2020-07-04,SO46708,HL89,21200,1,190
2020-07-04,SO46706,HL73,20186,1,155
2020-07-04,SO46705,HL85,13085,1,31
2020-07-04,SO46701,HL88,15114,1,166
2020-07-04,SO46707,HL61,15199,1,194
2020-07-04,SO46703,HL61,20576,1,157
2020-07-04,SO46700,HL91,16942,1,94
2020-07-04,SO46704,HL85,13059,1,118
2020-07-04,SO46702,HL84,15116,1,20
2020-07-05,SO46716,HL88,25046,1,39
2020-07-05,SO46709,HL94,19172,1,108
2020-07-05,SO46718,HL77,12570,1,14
2020-07-05,SO46710,HL75,11484,1,27
2020-07-05,SO46711,HL84,13592,1,125
2020-07-05,SO46712,HL87,13779,1,93
2020-07-05,SO46714,HL83,13093,1,166
2020-07-05,SO46713,HL86,24778,1,21
2020-07-05,SO46715,HL88,24976,1,92
2020-07-05,SO46717,HL83,25048,1,108
2020-07-06,SO46720,HL86,13667,1,13
2020-07-06,SO46723,HL83,12918,1,29
2020-07-06,SO46726,HL87,20999,1,63
2020-07-06,SO46727,HL85,21002,1,173
2020-07-06,SO46719,HL78,11604,1,109
2020-07-06,SO46728,HL76,12354,1,12
2020-07-06,SO46722,HL93,17095,1,158
2020-07-06,SO46729,HL53,26019,1,92
2020-07-06,SO46721,HL85,16046,1,67
2020-07-06,SO46725,HL84,21191,1,154
2020-07-07,SO46730,HL90,15100,1,147
2020-07-07,SO46733,HL88,24781,1,163
2020-07-07,SO46734,HL88,13060,1,51
2020-07-07,SO46732,HL93,13992,1,40
2020-07-07,SO46735,HL86,13226,1,168
2020-07-07,SO46736,HL77,12341,1,33
2020-07-07,SO46731,HL86,15101,1,120
2020-07-07,SO46738,HL78,12576,1,78
2020-07-07,SO46737,HL74,12346,1,286
2020-07-08,SO46743,HL87,21183,1,32
2020-07-08,SO46741,HL85,28766,1,32
2020-07-08,SO46739,HL87,15699,1,51
2020-07-08,SO46740,HL90,12980,1,100
2020-07-08,SO46742,HL76,20206,1,107
2020-07-08,SO46744,HL85,21199,1,33
2020-07-09,SO46746,HL83,13057,1,184
2020-07-09,SO46749,HL74,12350,1,71
2020-07-09,SO46745,HL84,13056,1,187
2020-07-09,SO46748,HL77,26252,1,75
2020-07-09,SO46747,HL77,26127,1,93
2020-07-10,SO46754,HL53,25958,1,187
2020-07-10,SO46755,HL64,26023,1,287
2020-07-10,SO46752,HL64,19931,1,160
2020-07-10,SO46750,HL89,16054,1,47
2020-07-10,SO46751,HL89,12934,1,77
2020-07-10,SO46753,HL90,21215,1,24
2020-07-10,SO46756,HL92,13993,1,114
2020-07-11,SO46765,HL59,15191,1,176
2020-07-11,SO46768,HL62,26020,1,35
2020-07-11,SO46760,HL94,13986,1,52
2020-07-11,SO46761,HL55,19924,1,283
2020-07-11,SO46759,HL87,16033,1,125
2020-07-11,SO46767,HL78,12573,1,44
2020-07-11,SO46757,HL74,26174,1,67
2020-07-11,SO46762,HL83,13063,1,158
2020-07-11,SO46764,HL77,26238,1,31
2020-07-11,SO46758,HL94,18130,1,48
2020-07-11,SO46766,HL84,21216,1,93
2020-07-11,SO46763,HL88,13202,1,130
2020-07-12,SO46771,HL89,13068,1,80
2020-07-12,SO46770,HL85,15357,1,46
2020-07-12,SO46773,HL86,13173,1,176
2020-07-12,SO46774,HL88,13225,1,2
2020-07-12,SO46772,HL88,13161,1,184
2020-07-12,SO46776,HL77,12356,1,37
2020-07-12,SO46769,HL89,15702,1,120
2020-07-13,SO46777,HL75,11568,1,22
2020-07-13,SO46778,HL73,11610,1,47
2020-07-13,SO46786,HL74,26201,1,58
2020-07-13,SO46787,HL59,15195,1,194
2020-07-13,SO46785,HL87,13190,1,145
2020-07-13,SO46779,HL89,15929,1,14
2020-07-13,SO46782,HL86,12975,1,76
2020-07-13,SO46784,HL88,13178,1,132
2020-07-13,SO46780,HL90,12942,1,10
2020-07-13,SO46781,HL90,12949,1,188
2020-07-13,SO46788,HL76,12342,1,139
2020-07-13,SO46783,HL61,19069,1,6
2020-07-14,SO46798,HL83,21201,1,86
2020-07-14,SO46791,HL84,13016,1,117
2020-07-14,SO46795,HL78,26234,1,287
2020-07-14,SO46793,HL88,13214,1,12
2020-07-14,SO46790,HL90,12930,1,28
2020-07-14,SO46792,HL87,13083,1,105
2020-07-14,SO46797,HL86,21197,1,170
2020-07-14,SO46794,HL87,24977,1,69
2020-07-14,SO46796,HL77,26247,1,22
2020-07-15,SO46801,HL83,25094,1,10
2020-07-15,SO46800,HL85,13019,1,169
2020-07-15,SO46802,HL61,15188,1,43
2020-07-15,SO46799,HL86,13662,1,155
2020-07-16,SO46807,HL74,12339,1,30
2020-07-16,SO46803,HL90,13595,1,96
2020-07-16,SO46804,HL54,19052,1,47
2020-07-16,SO46805,HL87,13055,1,158
2020-07-16,SO46806,HL85,21195,1,98
2020-07-16,SO46808,HL77,12347,1,103
2020-07-17,SO46812,HL86,13069,1,124
2020-07-17,SO46816,HL85,13230,1,102
2020-07-17,SO46819,HL83,21001,1,87
2020-07-17,SO46813,HL90,13152,1,155
2020-07-17,SO46809,HL86,13766,1,180
2020-07-17,SO46818,HL84,21211,1,45
2020-07-17,SO46817,HL75,26121,1,145
2020-07-17,SO46815,HL88,25093,1,154
2020-07-17,SO46811,HL84,12941,1,104
2020-07-17,SO46814,HL86,13165,1,199
2020-07-17,SO46810,HL85,15622,1,199
2020-07-18,SO46821,HL89,24824,1,199
2020-07-18,SO46825,HL74,12574,1,199
2020-07-18,SO46820,HL73,28510,1,199
2020-07-18,SO46826,HL77,12575,1,199
2020-07-18,SO46822,HL55,15155,1,199
2020-07-18,SO46824,HL93,24608,1,199
2020-07-18,SO46823,HL54,15193,1,199
2020-07-19,SO46827,HL87,13799,1,199
2020-07-19,SO46831,HL84,13066,1,199
2020-07-19,SO46834,HL90,12923,1,199
2020-07-19,SO46829,HL84,24786,1,199
2020-07-19,SO46832,HL73,20188,1,199
2020-07-19,SO46830,HL61,19910,1,199
2020-07-19,SO46828,HL93,13990,1,199
2020-07-20,SO46837,HL91,14003,1,199
2020-07-20,SO46836,HL89,13769,1,199
2020-07-20,SO46843,HL88,21168,1,199
2020-07-20,SO46841,HL86,13174,1,199
2020-07-20,SO46844,HL76,12343,1,199
2020-07-20,SO46842,HL53,15166,1,199
2020-07-20,SO46840,HL84,13058,1,199
2020-07-20,SO46835,HL86,13768,1,199
2020-07-20,SO46839,HL88,24817,1,308
2020-07-21,SO46846,HL87,13575,1,308
2020-07-21,SO46851,HL77,20209,1,308
2020-07-21,SO46849,HL85,24960,1,308
2020-07-21,SO46852,HL59,15194,1,308
2020-07-21,SO46845,HL76,11603,1,308
2020-07-21,SO46847,HL86,13793,1,308
2020-07-21,SO46854,HL88,20997,1,308
2020-07-21,SO46850,HL85,13221,1,308
2020-07-21,SO46853,HL83,21192,1,308
2020-07-21,SO46848,HL86,16201,1,308
2020-07-22,SO46861,HL89,21214,1,308
2020-07-22,SO46857,HL86,13064,1,308
2020-07-22,SO46855,HL90,15117,1,308
2020-07-22,SO46859,HL85,13205,1,308
2020-07-22,SO46860,HL86,21180,1,308
2020-07-22,SO46858,HL85,13067,1,308
2020-07-22,SO46856,HL85,12935,1,308
2020-07-23,SO46862,HL78,11550,1,308
2020-07-23,SO46865,HL88,15456,1,308
2020-07-23,SO46864,HL87,16045,1,308
2020-07-23,SO46868,HL84,13189,1,200
2020-07-23,SO46863,HL78,11575,1,200
2020-07-23,SO46867,HL89,13029,1,200
2020-07-23,SO46866,HL84,12981,1,200
2020-07-24,SO46874,HL91,24606,1,200
2020-07-24,SO46870,HL83,13605,1,200
2020-07-24,SO46873,HL89,21167,1,200
2020-07-24,SO46871,HL85,13800,1,200
2020-07-24,SO46869,HL90,13577,1,200
2020-07-25,SO46876,HL88,15084,1,200
2020-07-25,SO46881,HL74,12572,1,200
2020-07-25,SO46879,HL90,13224,1,200
2020-07-25,SO46883,HL73,26241,1,200
2020-07-25,SO46875,HL78,11470,1,200
2020-07-25,SO46878,HL84,25061,1,200
2020-07-25,SO46877,HL85,12926,1,200
2020-07-25,SO46880,HL60,15167,1,200
2020-07-25,SO46882,HL64,25960,1,200
2020-07-26,SO46885,HL87,15933,1,295
2020-07-26,SO46886,HL89,28669,1,260
2020-07-26,SO46888,HL55,26021,1,267
2020-07-26,SO46887,HL78,12340,1,301
2020-07-26,SO46884,HL83,13565,1,277
2020-07-27,SO46895,HL74,26183,1,296
2020-07-27,SO46892,HL85,13086,1,252
2020-07-27,SO46898,HL84,21205,1,302
2020-07-27,SO46897,HL83,21179,1,292
2020-07-27,SO46891,HL55,20592,1,278
2020-07-27,SO46896,HL59,15189,1,302
2020-07-27,SO46889,HL92,19173,1,260
2020-07-27,SO46894,HL75,26120,1,300
2020-07-27,SO46893,HL84,28659,1,269
2020-07-27,SO46890,HL83,12921,1,256
2020-07-28,SO46899,HL91,13999,1,270
2020-07-28,SO46902,HL88,21000,1,270
2020-07-28,SO46903,HL74,12353,1,265
2020-07-28,SO46901,HL88,21203,1,255
2020-07-28,SO46900,HL88,21194,1,293
2020-07-29,SO46908,HL85,21189,1,299
2020-07-29,SO46909,HL90,20998,1,275
2020-07-29,SO46905,HL88,16053,1,277
2020-07-29,SO46907,HL83,13087,1,269
2020-07-29,SO46904,HL94,17080,1,270
2020-07-29,SO46906,HL83,12950,1,294
2020-07-30,SO46910,HL58,20710,1,254
2020-07-30,SO46914,HL75,26245,1,267
2020-07-30,SO46919,HL78,11481,1,301
2020-07-30,SO46915,HL78,26276,1,298
2020-07-30,SO46916,HL57,15196,1,272
2020-07-30,SO46918,HL64,26022,1,254
2020-07-30,SO46913,HL88,13212,1,293
2020-07-30,SO46911,HL89,24832,1,281
2020-07-30,SO46912,HL89,13177,1,302
2020-07-30,SO46917,HL86,21202,1,252
2020-07-31,SO46924,HL88,13203,1,302
2020-07-31,SO46920,HL78,11609,1,257
2020-07-31,SO46921,HL86,15454,1,298
2020-07-31,SO46927,HL78,12348,1,295
2020-07-31,SO46923,HL84,13176,1,269
2020-07-31,SO46928,HL75,12358,1,265
2020-07-31,SO46922,HL83,13088,1,277
2020-07-31,SO46926,HL89,21169,1,253
2020-07-31,SO46925,HL87,21165,1,252
2020-08-01,SO47074,HL78,26293,1,254
2020-08-01,SO47069,HL92,14017,1,298
2020-08-01,SO47068,HL85,13246,1,300
2020-08-01,SO47071,HL84,15667,1,292
2020-08-01,SO47075,HL77,12685,1,251
2020-08-01,SO47073,HL84,25287,1,257
2020-08-01,SO47070,HL94,14025,1,295
2020-08-01,SO47072,HL63,20062,1,302
2020-08-01,SO47076,HL78,12588,1,264
2020-08-02,SO47084,HL85,21561,1,277
2020-08-02,SO47082,HL54,15254,1,295
2020-08-02,SO47081,HL63,15203,1,253
2020-08-02,SO47079,HL88,13359,1,256
2020-08-02,SO47078,HL88,13248,1,275
2020-08-02,SO47080,HL77,26302,1,259
2020-08-02,SO47077,HL84,16329,1,267
2020-08-02,SO47083,HL57,15288,1,301
2020-08-03,SO47085,HL90,16311,1,255
2020-08-03,SO47090,HL89,21394,1,270
2020-08-03,SO47089,HL63,15284,1,296
2020-08-03,SO47088,HL84,13274,1,268
2020-08-03,SO47087,HL89,13383,1,296
2020-08-04,SO47095,HL85,25095,1,307
2020-08-04,SO47092,HL84,28802,1,307
2020-08-04,SO47099,HL55,26134,1,307
2020-08-04,SO47097,HL85,21257,1,307
2020-08-04,SO47094,HL89,15664,1,307
2020-08-04,SO47093,HL84,13380,1,307
2020-08-04,SO47098,HL77,12667,1,307
2020-08-04,SO47091,HL74,28532,1,307
2020-08-05,SO47105,HL86,13319,1,307
2020-08-05,SO47101,HL86,16260,1,307
2020-08-05,SO47106,HL84,25361,1,307
2020-08-05,SO47102,HL85,13424,1,307
2020-08-05,SO47100,HL77,11612,1,307
2020-08-05,SO47103,HL83,13369,1,307
2020-08-05,SO47104,HL90,13279,1,307
2020-08-06,SO47112,HL75,20318,1,307
2020-08-06,SO47115,HL85,21393,1,307
2020-08-06,SO47107,HL73,11616,1,307
2020-08-06,SO47113,HL64,15255,1,310
2020-08-06,SO47109,HL88,28819,1,310
2020-08-06,SO47118,HL78,28541,1,310
2020-08-06,SO47117,HL74,12586,1,310
2020-08-06,SO47111,HL84,25100,1,310
2020-08-06,SO47108,HL84,13839,1,310
2020-08-06,SO47110,HL85,28850,1,310
2020-08-06,SO47114,HL87,21387,1,310
2020-08-06,SO47116,HL94,24611,1,310
2020-08-07,SO47127,HL86,21258,1,310
2020-08-07,SO47126,HL86,13326,1,310
2020-08-07,SO47120,HL91,14006,1,310
2020-08-07,SO47129,HL73,12677,1,310
2020-08-07,SO47119,HL83,16275,1,310
2020-08-07,SO47122,HL86,13362,1,310
2020-08-07,SO47128,HL83,21556,1,310
2020-08-07,SO47121,HL88,28832,1,310
2020-08-07,SO47123,HL86,25408,1,306
2020-08-07,SO47125,HL88,13325,1,306
2020-08-07,SO47124,HL86,13384,1,306
2020-08-08,SO47131,HL86,13243,1,306
2020-08-08,SO47133,HL90,13357,1,306
2020-08-08,SO47130,HL88,16406,1,306
2020-08-08,SO47132,HL88,13283,1,306
2020-08-08,SO47134,HL74,26296,1,306
2020-08-08,SO47136,HL90,21389,1,306
2020-08-08,SO47135,HL64,27027,1,306
2020-08-08,SO47137,HL86,13348,1,306
2020-08-09,SO47142,HL84,21230,1,306
2020-08-09,SO47144,HL64,26033,1,306
2020-08-09,SO47139,HL88,13238,1,306
2020-08-09,SO47145,HL62,26131,1,306
2020-08-09,SO47141,HL86,21225,1,306
2020-08-09,SO47140,HL75,26290,1,306
2020-08-09,SO47143,HL78,12684,1,306
2020-08-09,SO47138,HL90,16308,1,306
2020-08-10,SO47148,HL89,21259,1,306
2020-08-10,SO47147,HL88,13324,1,246
2020-08-10,SO47149,HL77,12669,1,304
2020-08-10,SO47146,HL95,18133,1,208
2020-08-11,SO47151,HL85,25363,1,232
2020-08-11,SO47152,HL77,28547,1,239
2020-08-11,SO47150,HL85,15625,1,234
2020-08-11,SO47154,HL60,26133,1,220
2020-08-11,SO47153,HL53,26024,1,245
2020-08-12,SO47163,HL78,12671,1,211
2020-08-12,SO47162,HL86,21418,1,232
2020-08-12,SO47159,HL78,26300,1,236
2020-08-12,SO47161,HL88,21408,1,236
2020-08-12,SO47155,HL85,13801,1,242
2020-08-12,SO47158,HL77,26280,1,205
2020-08-12,SO47160,HL84,21403,1,263
2020-08-12,SO47157,HL84,25864,1,222
2020-08-12,SO47156,HL87,28837,1,232
2020-08-13,SO47174,HL74,12584,1,211
2020-08-13,SO47170,HL89,21228,1,214
2020-08-13,SO47166,HL83,15656,1,263
2020-08-13,SO47171,HL87,21552,1,305
2020-08-13,SO47168,HL89,13286,1,249
2020-08-13,SO47173,HL75,12675,1,224
2020-08-13,SO47169,HL73,26281,1,207
2020-08-13,SO47175,HL83,13812,1,204
2020-08-13,SO47167,HL88,13419,1,204
2020-08-13,SO47165,HL85,15649,1,246
2020-08-13,SO47172,HL73,12668,1,214
2020-08-13,SO47164,HL77,12123,1,241
2020-08-14,SO47180,HL85,13287,1,212
2020-08-14,SO47184,HL90,21380,1,240
2020-08-14,SO47178,HL92,14026,1,221
2020-08-14,SO47185,HL75,12133,1,246
2020-08-14,SO47181,HL83,13329,1,250
2020-08-14,SO47182,HL74,26298,1,213
2020-08-14,SO47179,HL89,28848,1,239
2020-08-14,SO47183,HL60,15200,1,247
2020-08-14,SO47177,HL91,14022,1,219
2020-08-14,SO47176,HL76,11492,1,248
2020-08-15,SO47186,HL86,13806,1,203
2020-08-15,SO47189,HL87,28818,1,250
2020-08-15,SO47196,HL78,26286,1,212
2020-08-15,SO47188,HL95,19253,1,235
2020-08-15,SO47195,HL86,13355,1,243
2020-08-15,SO47193,HL57,20162,1,245
2020-08-15,SO47192,HL86,16328,1,303
2020-08-15,SO47187,HL93,18134,1,202
2020-08-15,SO47194,HL89,13269,1,201
2020-08-15,SO47191,HL90,13382,1,309
2020-08-15,SO47190,HL84,25892,1,309
2020-08-15,SO47197,HL89,21218,1,309
2020-08-16,SO47198,HL85,14169,1,309
2020-08-16,SO47201,HL75,26277,1,309
2020-08-16,SO47202,HL75,26285,1,309
2020-08-16,SO47199,HL54,20051,1,309
2020-08-16,SO47200,HL87,13247,1,309
2020-08-17,SO47212,HL77,12580,1,309
2020-08-17,SO47209,HL85,21379,1,309
2020-08-17,SO47206,HL59,15256,1,309
2020-08-17,SO47207,HL61,27043,1,309
2020-08-17,SO47211,HL78,12578,1,309
2020-08-17,SO47205,HL73,26301,1,309
2020-08-17,SO47210,HL95,24609,1,309
2020-08-17,SO47208,HL84,21359,1,309
2020-08-17,SO47203,HL85,25883,1,309
2020-08-17,SO47204,HL89,25371,1,309
2020-08-18,SO47214,HL95,19195,1,309
2020-08-18,SO47219,HL78,12577,1,105
2020-08-18,SO47217,HL88,21222,1,13
2020-08-18,SO47213,HL89,16287,1,85
2020-08-18,SO47215,HL83,28836,1,72
2020-08-18,SO47220,HL76,12579,1,308
2020-08-18,SO47218,HL84,21361,1,308
2020-08-18,SO47216,HL77,26299,1,199
2020-08-19,SO47224,HL84,15659,1,199
2020-08-19,SO47228,HL88,13237,1,199
2020-08-19,SO47223,HL85,25875,1,199
2020-08-19,SO47226,HL83,13314,1,199
2020-08-19,SO47227,HL88,25288,1,199
2020-08-19,SO47231,HL78,11564,1,199
2020-08-19,SO47221,HL85,13823,1,199
2020-08-19,SO47230,HL86,21256,1,199
2020-08-19,SO47225,HL88,13277,1,199
2020-08-19,SO47222,HL91,26316,1,199
2020-08-19,SO47229,HL76,26295,1,200
2020-08-20,SO47238,HL85,16405,1,200
2020-08-20,SO47236,HL93,14023,1,200
2020-08-20,SO47233,HL90,16250,1,200
2020-08-20,SO47243,HL62,20712,1,200
2020-08-20,SO47240,HL91,24612,1,200
2020-08-20,SO47235,HL88,16317,1,200
2020-08-20,SO47234,HL95,19260,1,200
2020-08-20,SO47242,HL78,28540,1,200
2020-08-20,SO47237,HL83,28834,1,200
2020-08-20,SO47241,HL83,21559,1,200
2020-08-20,SO47239,HL86,21384,1,200
2020-08-20,SO47232,HL87,15627,1,200
2020-08-21,SO47250,HL90,21217,1,200
2020-08-21,SO47251,HL89,21226,1,200
2020-08-21,SO47245,HL88,16420,1,199
2020-08-21,SO47249,HL89,13346,1,307
2020-08-21,SO47246,HL64,20713,1,307
2020-08-21,SO47253,HL75,12683,1,307
2020-08-21,SO47252,HL73,12676,1,307
2020-08-21,SO47248,HL88,13340,1,307
2020-08-21,SO47244,HL93,19193,1,307
2020-08-21,SO47247,HL86,13292,1,306
2020-08-22,SO47257,HL83,14141,1,306
2020-08-22,SO47258,HL89,13298,1,214
2020-08-22,SO47255,HL76,11561,1,284
2020-08-22,SO47261,HL78,26305,1,11
2020-08-22,SO47262,HL90,21560,1,290
2020-08-22,SO47259,HL88,13351,1,125
2020-08-22,SO47254,HL59,15276,1,292
2020-08-22,SO47256,HL87,16417,1,309
2020-08-22,SO47260,HL88,13233,1,306
2020-08-22,SO47263,HL76,12589,1,306
2020-08-23,SO47266,HL89,21555,1,306
2020-08-23,SO47267,HL73,12674,1,306
2020-08-23,SO47265,HL88,13250,1,306
2020-08-23,SO47264,HL83,16410,1,306
2020-08-23,SO47268,HL88,21402,1,306
2020-08-24,SO47271,HL91,18140,1,306
2020-08-24,SO47277,HL86,21219,1,306
2020-08-24,SO47269,HL78,28512,1,212
2020-08-24,SO47272,HL86,29013,1,209
2020-08-24,SO47279,HL78,12680,1,309
2020-08-24,SO47275,HL62,19076,1,309
2020-08-24,SO47270,HL77,28519,1,309
2020-08-24,SO47273,HL83,13420,1,309
2020-08-24,SO47278,HL90,21404,1,309
2020-08-24,SO47276,HL64,15289,1,302
2020-08-25,SO47285,HL87,29135,1,259
2020-08-25,SO47287,HL88,13280,1,269
2020-08-25,SO47283,HL87,15655,1,251
2020-08-25,SO47282,HL91,19258,1,310
2020-08-25,SO47280,HL73,11615,1,310
2020-08-25,SO47284,HL83,13402,1,310
2020-08-25,SO47289,HL77,26297,1,307
2020-08-25,SO47281,HL95,17099,1,307
2020-08-25,SO47286,HL57,19944,1,307
2020-08-25,SO47288,HL87,13353,1,307
2020-08-25,SO47290,HL83,21558,1,307
2020-08-26,SO47300,HL61,20717,1,307
2020-08-26,SO47297,HL89,13385,1,306
2020-08-26,SO47293,HL93,19192,1,306
2020-08-26,SO47296,HL93,14024,1,306
2020-08-26,SO47294,HL92,18139,1,40
2020-08-26,SO47298,HL86,13403,1,162
2020-08-26,SO47299,HL84,13425,1,130
2020-08-26,SO47291,HL86,16318,1,54
2020-08-26,SO47301,HL76,26292,1,89
2020-08-26,SO47295,HL94,14005,1,162
2020-08-26,SO47303,HL54,26029,1,85
2020-08-26,SO47292,HL90,13811,1,87
2020-08-26,SO47302,HL77,12670,1,16
2020-08-27,SO47309,HL89,13316,1,11
2020-08-27,SO47313,HL87,21231,1,76
2020-08-27,SO47314,HL78,12673,1,115
2020-08-27,SO47310,HL74,26303,1,118
2020-08-27,SO47307,HL60,20711,1,39
2020-08-27,SO47311,HL59,15252,1,151
2020-08-27,SO47305,HL84,25393,1,181
2020-08-27,SO47312,HL59,15280,1,138
2020-08-27,SO47304,HL90,16272,1,107
2020-08-27,SO47308,HL56,20718,1,86
2020-08-27,SO47306,HL84,28798,1,72
2020-08-28,SO47316,HL84,13361,1,126
2020-08-28,SO47318,HL88,13273,1,186
2020-08-28,SO47321,HL87,13354,1,171
2020-08-28,SO47320,HL89,13315,1,116
2020-08-28,SO47322,HL64,15287,1,286
2020-08-28,SO47315,HL90,13840,1,83
2020-08-28,SO47319,HL85,13299,1,32
2020-08-28,SO47317,HL90,14154,1,74
2020-08-29,SO47328,HL77,12681,1,60
2020-08-29,SO47326,HL90,13288,1,23
2020-08-29,SO47325,HL87,13278,1,78
2020-08-29,SO47324,HL89,13400,1,115
2020-08-29,SO47327,HL89,13304,1,123
2020-08-29,SO47323,HL78,28529,1,149
2020-08-30,SO47332,HL75,20350,1,193
2020-08-30,SO47331,HL59,20807,1,186
2020-08-30,SO47330,HL84,16324,1,83
2020-08-30,SO47334,HL84,21557,1,192
2020-08-30,SO47335,HL75,12581,1,87
2020-08-30,SO47333,HL83,21229,1,160
2020-08-30,SO47336,HL62,26027,1,290
2020-08-30,SO47329,HL90,13367,1,132
2020-08-31,SO47347,HL53,26025,1,12
2020-08-31,SO47343,HL90,21553,1,111
2020-08-31,SO47342,HL77,26304,1,50
2020-08-31,SO47348,HL58,26028,1,87
2020-08-31,SO47338,HL87,16277,1,3
2020-08-31,SO47339,HL86,15626,1,33
2020-08-31,SO47340,HL84,13401,1,98
2020-08-31,SO47346,HL77,12585,1,196
2020-08-31,SO47341,HL83,25104,1,135
2020-08-31,SO47337,HL74,28520,1,99
2020-08-31,SO47344,HL74,12686,1,112
2020-08-31,SO47345,HL75,12583,1,89
2020-09-01,SO47461,HL75,26320,1,162
2020-09-01,SO47460,HL53,19255,1,95
2020-09-02,SO47462,HL88,15926,1,162
2020-09-02,SO47465,HL63,15303,1,116
2020-09-02,SO47468,HL57,26152,1,191
2020-09-02,SO47467,HL86,13446,1,148
2020-09-02,SO47466,HL91,24887,1,141
2020-09-02,SO47464,HL85,16461,1,11
2020-09-02,SO47463,HL87,14203,1,285
2020-09-03,SO47474,HL90,21893,1,24
2020-09-03,SO47471,HL85,14539,1,183
2020-09-03,SO47473,HL84,21875,1,124
2020-09-03,SO47472,HL90,13438,1,156
2020-09-03,SO47469,HL92,19301,1,29
2020-09-03,SO47470,HL76,28685,1,174
2020-09-03,SO47475,HL84,21945,1,27
2020-09-03,SO47476,HL73,12693,1,146
2020-09-04,SO47482,HL85,21948,1,69
2020-09-04,SO47478,HL55,20811,1,181
2020-09-04,SO47480,HL86,21568,1,82
2020-09-04,SO47479,HL58,20832,1,109
2020-09-04,SO47481,HL87,21899,1,199
2020-09-04,SO47477,HL73,28560,1,199
2020-09-05,SO47485,HL86,14524,1,199
2020-09-05,SO47486,HL89,14538,1,308
2020-09-05,SO47483,HL90,14424,1,308
2020-09-06,SO47489,HL83,21888,1,200
2020-09-06,SO47490,HL86,21895,1,200
2020-09-06,SO47487,HL89,16427,1,200
2020-09-06,SO47488,HL90,13426,1,200
2020-09-07,SO47492,HL60,19181,1,200
2020-09-07,SO47491,HL84,15932,1,200
2020-09-08,SO47498,HL55,27071,1,200
2020-09-08,SO47493,HL76,28569,1,200
2020-09-08,SO47494,HL87,15927,1,200
2020-09-08,SO47501,HL77,12214,1,276
2020-09-08,SO47495,HL83,16196,1,260
2020-09-08,SO47500,HL84,21951,1,300
2020-09-08,SO47499,HL89,21572,1,293
2020-09-08,SO47497,HL85,14170,1,257
2020-09-08,SO47496,HL86,16470,1,260
2020-09-09,SO47505,HL73,26307,1,300
2020-09-09,SO47507,HL59,15311,1,281
2020-09-09,SO47503,HL92,19299,1,300
2020-09-09,SO47506,HL74,26324,1,264
2020-09-09,SO47504,HL77,11605,1,268
2020-09-09,SO47508,HL85,21892,1,281
2020-09-09,SO47509,HL83,21957,1,267
2020-09-09,SO47510,HL73,12688,1,295
2020-09-09,SO47502,HL92,19278,1,252
2020-09-10,SO47517,HL64,15308,1,264
2020-09-10,SO47511,HL88,14200,1,297
2020-09-10,SO47513,HL83,15675,1,307
2020-09-10,SO47516,HL78,26309,1,307
2020-09-10,SO47512,HL87,16446,1,307
2020-09-10,SO47518,HL87,21946,1,307
2020-09-10,SO47519,HL61,26153,1,307
2020-09-10,SO47515,HL74,26308,1,310
2020-09-10,SO47514,HL89,15684,1,310
2020-09-11,SO47527,HL77,28559,1,310
2020-09-11,SO47521,HL84,16445,1,306
2020-09-11,SO47524,HL85,21567,1,306
2020-09-11,SO47523,HL86,13443,1,306
2020-09-11,SO47522,HL94,14089,1,306
2020-09-11,SO47526,HL74,12215,1,250
2020-09-11,SO47520,HL95,19263,1,218
2020-09-11,SO47525,HL90,21889,1,218
2020-09-12,SO47530,HL57,15312,1,201
2020-09-12,SO47531,HL62,15325,1,219
2020-09-12,SO47529,HL89,13429,1,244
2020-09-12,SO47533,HL86,21886,1,230
2020-09-12,SO47528,HL73,11598,1,221
2020-09-12,SO47534,HL57,26148,1,218
2020-09-12,SO47532,HL92,24888,1,206
2020-09-13,SO47536,HL94,14088,1,224
2020-09-13,SO47542,HL87,21571,1,309
2020-09-13,SO47539,HL57,20824,1,309
2020-09-13,SO47541,HL63,15314,1,309
2020-09-13,SO47537,HL86,13436,1,309
2020-09-13,SO47543,HL89,21956,1,309
2020-09-13,SO47544,HL76,12694,1,309
2020-09-13,SO47538,HL90,13449,1,309
2020-09-13,SO47535,HL93,14083,1,200
2020-09-13,SO47545,HL74,28553,1,138
2020-09-13,SO47540,HL78,26326,1,309
2020-09-14,SO47549,HL64,19256,1,306
2020-09-14,SO47552,HL83,21950,1,227
2020-09-14,SO47548,HL58,20834,1,127
2020-09-14,SO47551,HL86,21878,1,200
2020-09-14,SO47550,HL61,15290,1,309
2020-09-14,SO47554,HL78,12222,1,114
2020-09-14,SO47546,HL77,28683,1,128
2020-09-14,SO47553,HL74,12698,1,188
2020-09-14,SO47555,HL83,15674,1,173
2020-09-15,SO47559,HL78,12699,1,10
2020-09-15,SO47557,HL89,13431,1,268
2020-09-15,SO47558,HL85,25981,1,210
2020-09-15,SO47556,HL90,14701,1,306
2020-09-16,SO47564,HL75,12210,1,306
2020-09-16,SO47562,HL89,21944,1,310
2020-09-16,SO47561,HL53,15328,1,306
2020-09-16,SO47563,HL83,21955,1,199
2020-09-16,SO47560,HL55,27053,1,218
2020-09-17,SO47567,HL90,21570,1,306
2020-09-17,SO47569,HL90,21959,1,309
2020-09-17,SO47565,HL89,15697,1,310
2020-09-17,SO47568,HL88,21885,1,310
2020-09-17,SO47566,HL95,24613,1,165
2020-09-18,SO47572,HL83,29149,1,162
2020-09-18,SO47574,HL59,20171,1,146
2020-09-18,SO47576,HL89,21877,1,104
2020-09-18,SO47577,HL85,21891,1,146
2020-09-18,SO47571,HL89,14185,1,30
2020-09-18,SO47578,HL73,12687,1,290
2020-09-18,SO47570,HL73,28562,1,195
2020-09-18,SO47575,HL78,26315,1,130
2020-09-18,SO47573,HL84,13435,1,29
2020-09-19,SO47587,HL86,21874,1,88
2020-09-19,SO47584,HL63,19194,1,11
2020-09-19,SO47580,HL95,14080,1,143
2020-09-19,SO47585,HL57,15320,1,22
2020-09-19,SO47586,HL56,15322,1,16
2020-09-19,SO47579,HL86,16197,1,286
2020-09-19,SO47582,HL87,13433,1,165
2020-09-19,SO47583,HL90,13442,1,156
2020-09-19,SO47581,HL88,29152,1,28
2020-09-20,SO47589,HL92,14036,1,191
2020-09-20,SO47594,HL64,26154,1,74
2020-09-20,SO47591,HL77,26313,1,48
2020-09-20,SO47590,HL75,26312,1,27
2020-09-20,SO47593,HL55,26135,1,108
2020-09-20,SO47592,HL93,24614,1,39
2020-09-20,SO47588,HL90,16428,1,99
2020-09-21,SO47599,HL78,26327,1,188
2020-09-21,SO47595,HL84,14186,1,92
2020-09-21,SO47598,HL76,26306,1,61
2020-09-21,SO47597,HL87,25971,1,75
2020-09-21,SO47596,HL87,16199,1,139
2020-09-22,SO47600,HL95,17188,1,75
2020-09-22,SO47603,HL90,21562,1,35
2020-09-22,SO47602,HL54,19174,1,87
2020-09-22,SO47604,HL88,21876,1,68
2020-09-22,SO47601,HL90,14192,1,103
2020-09-23,SO47605,HL95,17187,1,149
2020-09-23,SO47609,HL60,15309,1,88
2020-09-23,SO47611,HL58,26140,1,164
2020-09-23,SO47610,HL62,27075,1,131
2020-09-23,SO47608,HL73,26322,1,57
2020-09-23,SO47607,HL95,14081,1,43
2020-09-23,SO47606,HL88,15928,1,156
2020-09-24,SO47620,HL73,12239,1,61
2020-09-24,SO47614,HL58,15302,1,199
2020-09-24,SO47615,HL64,15329,1,199
2020-09-24,SO47617,HL89,21943,1,199
2020-09-24,SO47618,HL90,21947,1,199
2020-09-24,SO47612,HL84,16465,1,308
2020-09-24,SO47616,HL86,21873,1,308
2020-09-24,SO47613,HL94,14037,1,308
2020-09-24,SO47619,HL75,12689,1,308
2020-09-25,SO47623,HL84,21569,1,308
2020-09-25,SO47624,HL86,21949,1,200
2020-09-25,SO47622,HL62,20837,1,200
2020-09-25,SO47625,HL89,21958,1,200
2020-09-25,SO47626,HL53,26150,1,200
2020-09-25,SO47621,HL93,14044,1,267
2020-09-26,SO47630,HL74,26311,1,302
2020-09-26,SO47633,HL86,21894,1,252
2020-09-26,SO47627,HL85,16444,1,300
2020-09-26,SO47635,HL74,12216,1,253
2020-09-26,SO47634,HL75,11570,1,281
2020-09-26,SO47632,HL64,27060,1,293
2020-09-26,SO47636,HL58,26142,1,270
2020-09-26,SO47629,HL85,15685,1,255
2020-09-26,SO47631,HL73,26325,1,307
2020-09-26,SO47628,HL84,16509,1,307
2020-09-27,SO47639,HL57,15321,1,307
2020-09-27,SO47637,HL86,13447,1,307
2020-09-27,SO47638,HL78,26319,1,306
2020-09-28,SO47640,HL74,26317,1,306
2020-09-28,SO47641,HL53,27062,1,306
2020-09-29,SO47648,HL75,12263,1,235
2020-09-29,SO47647,HL83,21897,1,214
2020-09-29,SO47644,HL88,15693,1,215
2020-09-29,SO47645,HL88,14555,1,247
2020-09-29,SO47646,HL73,20373,1,208
2020-09-29,SO47643,HL95,19290,1,214
2020-09-29,SO47642,HL92,17109,1,202
2020-09-30,SO47651,HL89,25911,1,202
2020-09-30,SO47654,HL94,24615,1,225
2020-09-30,SO47656,HL83,21882,1,206
2020-09-30,SO47649,HL89,16447,1,309
2020-09-30,SO47655,HL93,24889,1,309
2020-09-30,SO47653,HL55,20163,1,200
2020-09-30,SO47657,HL56,26138,1,200
2020-09-30,SO47652,HL59,20825,1,200
2020-09-30,SO47650,HL85,16512,1,199
2020-10-01,SO47738,HL56,26165,1,307
2020-10-01,SO47736,HL76,12705,1,306
2020-10-01,SO47733,HL88,13461,1,306
2020-10-01,SO47737,HL75,13018,1,306
2020-10-01,SO47735,HL64,27084,1,306
2020-10-01,SO47732,HL84,13452,1,272
2020-10-01,SO47734,HL59,15333,1,307
2020-10-01,SO47731,HL78,12283,1,200
2020-10-02,SO47743,HL78,12988,1,200
2020-10-02,SO47744,HL77,12989,1,199
2020-10-02,SO47741,HL61,15343,1,182
2020-10-02,SO47739,HL57,20839,1,72
2020-10-02,SO47742,HL88,22180,1,155
2020-10-02,SO47745,HL77,12998,1,187
2020-10-02,SO47740,HL55,15337,1,20
2020-10-02,SO47746,HL76,13022,1,34
2020-10-03,SO47747,HL86,16253,1,125
2020-10-03,SO47749,HL86,22172,1,94
2020-10-03,SO47751,HL84,21983,1,100
2020-10-03,SO47750,HL84,21976,1,152
2020-10-03,SO47748,HL73,26485,1,80
2020-10-03,SO47753,HL77,13020,1,200
2020-10-03,SO47752,HL89,21994,1,199
2020-10-04,SO47755,HL94,17195,1,301
2020-10-04,SO47758,HL86,16550,1,301
2020-10-04,SO47760,HL86,13482,1,277
2020-10-04,SO47756,HL74,12272,1,259
2020-10-04,SO47759,HL88,14773,1,307
2020-10-04,SO47757,HL90,16530,1,307
2020-10-05,SO47763,HL90,22170,1,306
2020-10-05,SO47762,HL73,26330,1,247
2020-10-05,SO47761,HL55,20548,1,230
2020-10-06,SO47766,HL76,26329,1,304
2020-10-06,SO47768,HL86,21985,1,199
2020-10-06,SO47767,HL91,24902,1,131
2020-10-06,SO47765,HL77,26343,1,194
2020-10-06,SO47764,HL75,28711,1,101
2020-10-06,SO47769,HL77,12703,1,13
2020-10-06,SO47770,HL64,26375,1,171
2020-10-07,SO47773,HL55,15345,1,16
2020-10-07,SO47775,HL84,21980,1,151
2020-10-07,SO47776,HL73,13007,1,112
2020-10-07,SO47774,HL59,15346,1,200
2020-10-07,SO47771,HL89,22181,1,308
2020-10-07,SO47772,HL84,22195,1,309
2020-10-08,SO47781,HL90,25991,1,244
2020-10-08,SO47778,HL74,12284,1,306
2020-10-08,SO47782,HL89,22032,1,308
2020-10-08,SO47780,HL91,14105,1,306
2020-10-08,SO47783,HL86,22197,1,199
2020-10-08,SO47784,HL75,13078,1,307
2020-10-08,SO47779,HL88,16269,1,307
2020-10-09,SO47785,HL75,28708,1,306
2020-10-09,SO47786,HL85,14719,1,309
2020-10-09,SO47787,HL83,16585,1,218
2020-10-10,SO47789,HL88,13453,1,199
2020-10-10,SO47790,HL86,22173,1,309
2020-10-10,SO47788,HL90,16546,1,306
2020-10-10,SO47791,HL76,13036,1,200
2020-10-11,SO47792,HL84,16207,1,7
2020-10-11,SO47797,HL86,21986,1,306
2020-10-11,SO47795,HL90,22004,1,307
2020-10-11,SO47794,HL74,20375,1,308
2020-10-11,SO47796,HL86,21979,1,306
2020-10-11,SO47798,HL74,13000,1,221
2020-10-11,SO47793,HL83,14716,1,310
2020-10-12,SO47799,HL77,12264,1,306
2020-10-12,SO47810,HL59,26204,1,239
2020-10-12,SO47800,HL87,14798,1,10
2020-10-12,SO47803,HL90,22000,1,199
2020-10-12,SO47805,HL90,22198,1,200
2020-10-12,SO47806,HL63,15348,1,200
2020-10-12,SO47809,HL62,26187,1,306
2020-10-12,SO47804,HL85,22178,1,306
2020-10-12,SO47801,HL57,20555,1,306
2020-10-12,SO47807,HL90,16575,1,307
2020-10-12,SO47808,HL64,26161,1,309
2020-10-13,SO47818,HL55,15364,1,307
2020-10-13,SO47813,HL92,14098,1,307
2020-10-13,SO47814,HL77,26338,1,307
2020-10-13,SO47812,HL89,16252,1,310
2020-10-13,SO47822,HL74,13051,1,310
2020-10-13,SO47819,HL88,21968,1,310
2020-10-13,SO47823,HL61,26160,1,267
2020-10-13,SO47815,HL86,22033,1,260
2020-10-13,SO47817,HL86,22200,1,267
2020-10-13,SO47816,HL84,22174,1,260
2020-10-13,SO47820,HL73,13025,1,75
2020-10-13,SO47811,HL73,12271,1,107
2020-10-13,SO47821,HL73,13038,1,134
2020-10-14,SO47824,HL83,16267,1,146
2020-10-14,SO47826,HL85,22168,1,136
2020-10-14,SO47827,HL85,22175,1,13
2020-10-14,SO47828,HL83,21984,1,77
2020-10-14,SO47829,HL73,12706,1,30
2020-10-14,SO47825,HL53,20560,1,32
2020-10-15,SO47832,HL84,13478,1,167
2020-10-15,SO47830,HL92,19308,1,192
2020-10-15,SO47834,HL88,22196,1,2
2020-10-15,SO47835,HL92,24904,1,289
2020-10-15,SO47831,HL78,12281,1,160
2020-10-15,SO47833,HL87,22031,1,114
2020-10-16,SO47844,HL86,21996,1,85
2020-10-16,SO47841,HL78,26490,1,112
2020-10-16,SO47837,HL75,12277,1,35
2020-10-16,SO47839,HL53,20838,1,2
2020-10-16,SO47842,HL54,15338,1,30
2020-10-16,SO47840,HL60,20584,1,148
2020-10-16,SO47843,HL59,15339,1,25
2020-10-16,SO47836,HL75,28707,1,151
2020-10-16,SO47838,HL86,13456,1,30
2020-10-17,SO47847,HL83,16278,1,27
2020-10-17,SO47849,HL54,15342,1,107
2020-10-17,SO47845,HL84,16206,1,146
2020-10-17,SO47848,HL76,26328,1,77
2020-10-17,SO47846,HL83,14779,1,32
2020-10-17,SO47850,HL53,15350,1,32
2020-10-18,SO47852,HL74,26342,1,171
2020-10-18,SO47855,HL74,12987,1,10
2020-10-18,SO47856,HL78,12995,1,88
2020-10-18,SO47854,HL53,15341,1,9
2020-10-18,SO47857,HL77,13024,1,148
2020-10-18,SO47851,HL76,26331,1,24
2020-10-18,SO47853,HL78,26487,1,196
2020-10-19,SO47869,HL56,26190,1,27
2020-10-19,SO47858,HL93,19302,1,83
2020-10-19,SO47860,HL73,26339,1,136
2020-10-19,SO47862,HL90,22199,1,200
2020-10-19,SO47865,HL73,12701,1,200
2020-10-19,SO47867,HL77,12991,1,200
2020-10-19,SO47868,HL74,13021,1,200
2020-10-19,SO47866,HL73,12990,1,308
2020-10-19,SO47861,HL75,20470,1,308
2020-10-19,SO47864,HL87,21966,1,308
2020-10-20,SO47871,HL86,14708,1,199
2020-10-20,SO47877,HL54,20851,1,199
2020-10-20,SO47870,HL92,19305,1,199
2020-10-20,SO47874,HL87,13462,1,71
2020-10-20,SO47873,HL92,26321,1,110
2020-10-20,SO47875,HL88,25992,1,79
2020-10-20,SO47872,HL90,14790,1,19
2020-10-20,SO47876,HL62,20848,1,95
2020-10-20,SO47878,HL76,12702,1,197
2020-10-21,SO47886,HL76,13011,1,178
2020-10-21,SO47885,HL93,24901,1,193
2020-10-21,SO47888,HL74,13050,1,16
2020-10-21,SO47881,HL90,16553,1,284
2020-10-21,SO47879,HL94,18157,1,75
2020-10-21,SO47880,HL77,28689,1,62
2020-10-21,SO47887,HL75,13012,1,141
2020-10-21,SO47883,HL73,26481,1,287
2020-10-21,SO47882,HL88,13464,1,76
2020-10-22,SO47895,HL59,15347,1,82
2020-10-22,SO47890,HL85,16263,1,126
2020-10-22,SO47893,HL86,25989,1,118
2020-10-22,SO47892,HL95,26373,1,172
2020-10-22,SO47889,HL89,16541,1,181
2020-10-22,SO47894,HL76,26344,1,175
2020-10-22,SO47891,HL87,16290,1,132
2020-10-23,SO47902,HL77,13076,1,124
2020-10-23,SO47899,HL76,12996,1,178
2020-10-23,SO47901,HL74,13075,1,163
2020-10-23,SO47900,HL78,13035,1,45
2020-10-23,SO47897,HL89,16573,1,4
2020-10-23,SO47898,HL54,19276,1,178
2020-10-23,SO47896,HL95,17206,1,39
2020-10-24,SO47911,HL76,13077,1,147
2020-10-24,SO47910,HL73,13049,1,101
2020-10-24,SO47904,HL89,16562,1,52
2020-10-24,SO47907,HL84,21999,1,95
2020-10-24,SO47903,HL83,14714,1,58
2020-10-24,SO47905,HL87,29336,1,89
2020-10-24,SO47909,HL75,12999,1,131
2020-10-24,SO47908,HL78,20468,1,125
2020-10-24,SO47906,HL62,27082,1,94
2020-10-25,SO47917,HL76,13001,1,147
2020-10-25,SO47913,HL83,29159,1,139
2020-10-25,SO47915,HL77,26351,1,166
2020-10-25,SO47914,HL60,20556,1,185
2020-10-25,SO47912,HL77,28724,1,145
2020-10-25,SO47916,HL92,24903,1,29
2020-10-25,SO47918,HL78,13006,1,62
2020-10-26,SO47923,HL76,26486,1,140
2020-10-26,SO47925,HL93,24900,1,170
2020-10-26,SO47926,HL77,13079,1,11
2020-10-26,SO47927,HL58,26188,1,289
2020-10-26,SO47919,HL91,17216,1,184
2020-10-26,SO47922,HL90,13468,1,111
2020-10-26,SO47924,HL89,22171,1,82
2020-10-26,SO47921,HL90,14796,1,82
2020-10-26,SO47920,HL76,12282,1,100
2020-10-27,SO47929,HL83,29281,1,131
2020-10-27,SO47930,HL89,21982,1,45
2020-10-27,SO47928,HL89,29154,1,91
2020-10-28,SO47935,HL88,22194,1,82
2020-10-28,SO47933,HL87,16270,1,52
2020-10-28,SO47932,HL87,16561,1,93
2020-10-28,SO47931,HL85,16531,1,26
2020-10-28,SO47934,HL93,14106,1,64
2020-10-28,SO47936,HL55,26192,1,7
2020-10-29,SO47940,HL74,12994,1,170
2020-10-29,SO47941,HL75,13010,1,191
2020-10-29,SO47942,HL61,26167,1,117
2020-10-29,SO47937,HL53,20549,1,290
2020-10-29,SO47938,HL86,21969,1,54
2020-10-29,SO47939,HL86,21987,1,44
2020-10-30,SO47947,HL94,14109,1,7
2020-10-30,SO47945,HL85,14791,1,183
2020-10-30,SO47946,HL84,14802,1,198
2020-10-30,SO47944,HL78,28690,1,289
2020-10-30,SO47943,HL93,17196,1,157
2020-10-30,SO47950,HL75,26484,1,187
2020-10-30,SO47954,HL54,26191,1,4
2020-10-30,SO47949,HL89,13477,1,193
2020-10-30,SO47951,HL75,12700,1,152
2020-10-30,SO47952,HL84,22193,1,22
2020-10-30,SO47948,HL84,13450,1,108
2020-10-30,SO47953,HL84,21974,1,127
2020-10-31,SO47955,HL89,16554,1,286
2020-10-31,SO47956,HL84,16271,1,126
2020-10-31,SO47957,HL95,14095,1,62
2020-10-31,SO47959,HL56,26189,1,29
2020-10-31,SO47958,HL57,15349,1,122
2020-11-01,SO48093,HL89,16588,1,43
2020-11-01,SO48097,HL84,22412,1,169
2020-11-01,SO48096,HL57,15398,1,135
2020-11-01,SO48094,HL85,13657,1,69
2020-11-01,SO48098,HL89,22400,1,64
2020-11-01,SO48095,HL59,20590,1,189
2020-11-02,SO48099,HL77,12128,1,40
2020-11-02,SO48100,HL75,26546,1,163
2020-11-02,SO48101,HL84,22575,1,62
2020-11-02,SO48102,HL90,22576,1,32
2020-11-03,SO48107,HL85,22580,1,140
2020-11-03,SO48103,HL89,16389,1,85
2020-11-03,SO48108,HL95,24905,1,49
2020-11-03,SO48104,HL54,20859,1,119
2020-11-03,SO48106,HL77,20546,1,158
2020-11-03,SO48105,HL75,26513,1,4
2020-11-04,SO48109,HL84,13489,1,186
2020-11-05,SO48115,HL53,26442,1,181
2020-11-05,SO48111,HL92,14112,1,71
2020-11-05,SO48114,HL53,26439,1,40
2020-11-05,SO48110,HL86,16307,1,59
2020-11-05,SO48113,HL60,20716,1,172
2020-11-05,SO48112,HL86,13712,1,82
2020-11-06,SO48124,HL56,26436,1,70
2020-11-06,SO48121,HL84,22410,1,67
2020-11-06,SO48117,HL89,14930,1,152
2020-11-06,SO48123,HL77,13080,1,111
2020-11-06,SO48118,HL89,16309,1,98
2020-11-06,SO48122,HL84,22207,1,98
2020-11-06,SO48116,HL91,19312,1,149
2020-11-06,SO48120,HL55,15388,1,145
2020-11-07,SO48129,HL89,22582,1,136
2020-11-07,SO48128,HL73,26534,1,81
2020-11-07,SO48127,HL64,20598,1,76
2020-11-07,SO48125,HL95,14239,1,145
2020-11-07,SO48126,HL94,14115,1,67
2020-11-08,SO48133,HL89,22571,1,93
2020-11-08,SO48131,HL77,20483,1,5
2020-11-08,SO48136,HL74,13082,1,53
2020-11-08,SO48132,HL73,26521,1,103
2020-11-08,SO48134,HL86,22202,1,179
2020-11-08,SO48135,HL92,24910,1,130
2020-11-08,SO48130,HL83,16829,1,72
2020-11-09,SO48138,HL87,14818,1,182
2020-11-09,SO48140,HL58,15374,1,156
2020-11-09,SO48139,HL85,22857,1,166
2020-11-09,SO48137,HL73,12130,1,284
2020-11-10,SO48142,HL78,12213,1,91
2020-11-10,SO48147,HL89,22845,1,93
2020-11-10,SO48146,HL86,22578,1,51
2020-11-10,SO48143,HL56,20720,1,188
2020-11-10,SO48145,HL78,26491,1,72
2020-11-10,SO48144,HL85,16823,1,288
2020-11-10,SO48141,HL74,12299,1,46
2020-11-11,SO48149,HL86,16298,1,69
2020-11-11,SO48154,HL89,22402,1,43
2020-11-11,SO48155,HL86,22408,1,78
2020-11-11,SO48151,HL59,19280,1,111
2020-11-11,SO48152,HL73,26536,1,182
2020-11-11,SO48148,HL78,11614,1,69
2020-11-11,SO48157,HL86,22851,1,191
2020-11-11,SO48150,HL84,16822,1,285
2020-11-11,SO48158,HL57,26433,1,154
2020-11-11,SO48156,HL89,22581,1,153
2020-11-11,SO48153,HL78,26575,1,70
2020-11-12,SO48161,HL86,16938,1,29
2020-11-12,SO48164,HL57,26438,1,58
2020-11-12,SO48162,HL84,13714,1,154
2020-11-12,SO48163,HL88,22854,1,2
2020-11-12,SO48160,HL86,14848,1,60
2020-11-12,SO48159,HL95,19322,1,283
2020-11-13,SO48165,HL87,16327,1,123
2020-11-13,SO48167,HL78,26539,1,105
2020-11-13,SO48166,HL83,13484,1,99
2020-11-13,SO48168,HL87,22904,1,45
2020-11-14,SO48171,HL85,16313,1,68
2020-11-14,SO48170,HL74,11613,1,125
2020-11-14,SO48169,HL89,13653,1,114
2020-11-14,SO48173,HL88,13704,1,194
2020-11-14,SO48172,HL84,13658,1,142
2020-11-15,SO48176,HL61,15379,1,49
2020-11-15,SO48175,HL74,26545,1,189
2020-11-16,SO48181,HL85,13705,1,111
2020-11-16,SO48178,HL73,12125,1,196
2020-11-16,SO48177,HL93,17633,1,12
2020-11-16,SO48180,HL90,16316,1,79
2020-11-16,SO48179,HL84,16828,1,170
2020-11-16,SO48184,HL91,24908,1,288
2020-11-16,SO48182,HL77,26600,1,46
2020-11-16,SO48183,HL87,22583,1,47
2020-11-17,SO48189,HL55,15371,1,186
2020-11-17,SO48186,HL90,16297,1,63
2020-11-17,SO48188,HL89,22579,1,22
2020-11-17,SO48190,HL54,26443,1,53
2020-11-17,SO48187,HL60,20862,1,40
2020-11-17,SO48185,HL77,12286,1,130
2020-11-18,SO48195,HL86,22399,1,57
2020-11-18,SO48196,HL56,26440,1,155
2020-11-18,SO48194,HL84,22401,1,60
2020-11-18,SO48192,HL89,13702,1,21
2020-11-18,SO48191,HL58,19292,1,100
2020-11-18,SO48197,HL54,26422,1,144
2020-11-18,SO48193,HL73,26499,1,38
2020-11-19,SO48198,HL95,18164,1,28
2020-11-19,SO48199,HL87,16595,1,121
2020-11-19,SO48201,HL75,26601,1,4
2020-11-19,SO48200,HL76,26537,1,178
2020-11-20,SO48204,HL60,26445,1,183
2020-11-20,SO48207,HL87,22407,1,132
2020-11-20,SO48209,HL53,15369,1,175
2020-11-20,SO48210,HL74,13089,1,115
2020-11-20,SO48203,HL77,12226,1,121
2020-11-20,SO48202,HL75,12225,1,145
2020-11-20,SO48208,HL85,22201,1,20
2020-11-20,SO48205,HL78,26509,1,62
2020-11-20,SO48206,HL73,26538,1,26
2020-11-21,SO48214,HL83,16409,1,80
2020-11-21,SO48212,HL78,12289,1,1
2020-11-21,SO48211,HL93,17634,1,3
2020-11-21,SO48216,HL55,20719,1,193
2020-11-21,SO48217,HL55,15380,1,84
2020-11-21,SO48213,HL76,12292,1,193
2020-11-21,SO48215,HL94,26482,1,92
2020-11-22,SO48218,HL83,16594,1,34
2020-11-22,SO48220,HL88,22409,1,176
2020-11-22,SO48219,HL74,26511,1,287
2020-11-22,SO48221,HL61,15365,1,111
2020-11-23,SO48222,HL91,14116,1,181
2020-11-23,SO48223,HL92,14120,1,142
2020-11-23,SO48225,HL86,22573,1,86
2020-11-23,SO48224,HL74,26581,1,166
2020-11-23,SO48226,HL56,26444,1,21
2020-11-24,SO48234,HL87,22203,1,159
2020-11-24,SO48235,HL53,15367,1,79
2020-11-24,SO48233,HL86,22850,1,41
2020-11-24,SO48236,HL62,26423,1,154
2020-11-24,SO48231,HL78,26579,1,163
2020-11-24,SO48229,HL74,26510,1,76
2020-11-24,SO48232,HL58,15396,1,199
2020-11-24,SO48228,HL83,16598,1,199
2020-11-24,SO48227,HL83,14813,1,199
2020-11-24,SO48230,HL77,26530,1,199
2020-11-25,SO48243,HL86,22411,1,199
2020-11-25,SO48242,HL75,26532,1,199
2020-11-25,SO48237,HL90,14925,1,199
2020-11-25,SO48244,HL86,22860,1,199
2020-11-25,SO48241,HL77,26520,1,199
2020-11-25,SO48239,HL87,13700,1,199
2020-11-25,SO48238,HL83,16831,1,199
2020-11-25,SO48240,HL54,20856,1,199
2020-11-26,SO48250,HL85,22572,1,199
2020-11-26,SO48247,HL87,16390,1,199
2020-11-26,SO48246,HL74,12218,1,199
2020-11-26,SO48249,HL61,15394,1,199
2020-11-26,SO48245,HL74,12129,1,199
2020-11-26,SO48248,HL57,20852,1,199
2020-11-27,SO48256,HL93,14240,1,199
2020-11-27,SO48255,HL93,26496,1,308
2020-11-27,SO48259,HL56,27085,1,308
2020-11-27,SO48261,HL57,27101,1,308
2020-11-27,SO48254,HL92,14117,1,308
2020-11-27,SO48252,HL53,20864,1,308
2020-11-27,SO48262,HL93,24909,1,308
2020-11-27,SO48257,HL53,19282,1,308
2020-11-27,SO48253,HL84,14926,1,308
2020-11-27,SO48251,HL95,17641,1,308
2020-11-27,SO48258,HL55,19287,1,308
2020-11-27,SO48264,HL57,26437,1,308
2020-11-27,SO48263,HL57,26435,1,308
2020-11-27,SO48260,HL54,27099,1,308
2020-11-28,SO48266,HL85,13713,1,308
2020-11-28,SO48265,HL84,16945,1,308
2020-11-28,SO48269,HL55,20863,1,308
2020-11-28,SO48267,HL56,27102,1,308
2020-11-28,SO48268,HL85,22406,1,308
2020-11-28,SO48270,HL77,13081,1,308
2020-11-29,SO48272,HL86,14931,1,308
2020-11-29,SO48271,HL75,28727,1,308
2020-11-29,SO48274,HL85,22404,1,308
2020-11-29,SO48273,HL84,16589,1,308
2020-11-29,SO48275,HL94,24907,1,308
2020-11-29,SO48276,HL55,26429,1,308
2020-11-30,SO48277,HL77,12287,1,308
2020-11-30,SO48284,HL89,22577,1,308
2020-11-30,SO48281,HL86,13492,1,200
2020-11-30,SO48279,HL91,14121,1,200
2020-11-30,SO48280,HL89,13487,1,200
2020-11-30,SO48282,HL78,26540,1,200
2020-11-30,SO48283,HL54,15389,1,200
2020-11-30,SO48285,HL54,15372,1,200
2020-11-30,SO48278,HL83,16305,1,200
2020-12-01,SO48406,HL56,15473,1,200
2020-12-01,SO48405,HL75,12316,1,200
2020-12-01,SO48409,HL85,22940,1,200
2020-12-01,SO48402,HL90,17627,1,200
2020-12-01,SO48410,HL76,26649,1,200
2020-12-01,SO48408,HL90,22927,1,200
2020-12-01,SO48401,HL88,16451,1,200
2020-12-01,SO48403,HL92,14285,1,200
2020-12-01,SO48407,HL88,22913,1,200
2020-12-01,SO48404,HL89,13730,1,200
2020-12-01,SO48400,HL56,20830,1,200
2020-12-02,SO48419,HL62,26585,1,200
2020-12-02,SO48413,HL92,14288,1,200
2020-12-02,SO48418,HL73,13114,1,200
2020-12-02,SO48415,HL75,26634,1,200
2020-12-02,SO48412,HL64,19310,1,200
2020-12-02,SO48416,HL53,15472,1,261
2020-12-02,SO48411,HL86,17182,1,270
2020-12-02,SO48414,HL84,13718,1,251
2020-12-02,SO48417,HL83,22932,1,277
2020-12-03,SO48424,HL89,15070,1,270
2020-12-03,SO48433,HL90,23102,1,300
2020-12-03,SO48435,HL89,22953,1,276
2020-12-03,SO48423,HL63,19297,1,278
2020-12-03,SO48426,HL92,14253,1,298
2020-12-03,SO48430,HL77,26633,1,302
2020-12-03,SO48427,HL95,14289,1,278
2020-12-03,SO48425,HL90,16475,1,254
2020-12-03,SO48420,HL89,14957,1,257
2020-12-03,SO48434,HL89,22912,1,278
2020-12-03,SO48432,HL89,23098,1,296
2020-12-03,SO48421,HL94,19361,1,264
2020-12-03,SO48428,HL86,13733,1,252
2020-12-03,SO48429,HL73,12385,1,277
2020-12-03,SO48422,HL90,16946,1,254
2020-12-03,SO48431,HL74,26619,1,270
2020-12-04,SO48437,HL55,15466,1,292
2020-12-04,SO48438,HL78,13117,1,276
2020-12-04,SO48436,HL95,14267,1,299
2020-12-05,SO48444,HL78,26618,1,295
2020-12-05,SO48449,HL85,22907,1,264
2020-12-05,SO48442,HL89,13735,1,302
2020-12-05,SO48447,HL56,15471,1,272
2020-12-05,SO48439,HL95,17651,1,294
2020-12-05,SO48440,HL61,19309,1,301
2020-12-05,SO48446,HL62,27265,1,293
2020-12-05,SO48445,HL64,15411,1,276
2020-12-05,SO48441,HL95,26503,1,277
2020-12-05,SO48448,HL88,22987,1,255
2020-12-05,SO48451,HL76,13107,1,255
2020-12-05,SO48450,HL78,26645,1,269
2020-12-05,SO48443,HL73,12232,1,278
2020-12-06,SO48454,HL76,12328,1,272
2020-12-06,SO48453,HL93,17647,1,281
2020-12-06,SO48455,HL77,12380,1,296
2020-12-06,SO48452,HL83,14998,1,251
2020-12-06,SO48456,HL77,20651,1,278
2020-12-07,SO48468,HL61,15433,1,260
2020-12-07,SO48473,HL73,26641,1,257
2020-12-07,SO48472,HL87,22942,1,299
2020-12-07,SO48465,HL75,26626,1,265
2020-12-07,SO48458,HL86,17097,1,256
2020-12-07,SO48459,HL90,14966,1,276
2020-12-07,SO48467,HL59,15409,1,261
2020-12-07,SO48462,HL57,20828,1,298
2020-12-07,SO48470,HL90,23105,1,261
2020-12-07,SO48464,HL88,13734,1,295
2020-12-07,SO48463,HL86,17225,1,296
2020-12-07,SO48469,HL89,22961,1,299
2020-12-07,SO48474,HL57,26447,1,257
2020-12-07,SO48461,HL95,18167,1,257
2020-12-07,SO48466,HL59,15404,1,259
2020-12-07,SO48471,HL88,22909,1,300
2020-12-07,SO48460,HL86,17098,1,298
2020-12-08,SO48483,HL91,24917,1,255
2020-12-08,SO48484,HL73,13525,1,261
2020-12-08,SO48476,HL93,26512,1,255
2020-12-08,SO48475,HL85,17214,1,259
2020-12-08,SO48480,HL73,26642,1,302
2020-12-08,SO48478,HL86,22929,1,254
2020-12-08,SO48477,HL73,26611,1,298
2020-12-08,SO48482,HL94,24912,1,295
2020-12-08,SO48485,HL60,26587,1,270
2020-12-08,SO48481,HL76,20669,1,254
2020-12-08,SO48479,HL87,22939,1,293
2020-12-09,SO48486,HL64,20866,1,298
2020-12-09,SO48487,HL60,20808,1,275
2020-12-09,SO48489,HL84,22954,1,272
2020-12-09,SO48488,HL74,12229,1,301
2020-12-09,SO48490,HL91,24913,1,300
2020-12-09,SO48491,HL76,13126,1,272
2020-12-09,SO48492,HL58,26567,1,297
2020-12-10,SO48498,HL94,24920,1,297
2020-12-10,SO48499,HL76,13132,1,297
2020-12-10,SO48502,HL60,26566,1,307
2020-12-10,SO48497,HL77,26606,1,307
2020-12-10,SO48500,HL76,13135,1,307
2020-12-10,SO48501,HL92,19362,1,307
2020-12-10,SO48495,HL77,26602,1,307
2020-12-10,SO48496,HL78,26603,1,307
2020-12-10,SO48494,HL93,14272,1,307
2020-12-11,SO48509,HL74,28740,1,307
2020-12-11,SO48513,HL53,15417,1,307
2020-12-11,SO48516,HL74,13139,1,307
2020-12-11,SO48508,HL89,13736,1,307
2020-12-11,SO48503,HL85,15003,1,307
2020-12-11,SO48510,HL74,26631,1,307
2020-12-11,SO48514,HL62,15427,1,307
2020-12-11,SO48511,HL78,26635,1,307
2020-12-11,SO48507,HL95,14255,1,307
2020-12-11,SO48505,HL86,15071,1,307
2020-12-11,SO48512,HL73,20656,1,307
2020-12-11,SO48504,HL63,20879,1,310
2020-12-11,SO48506,HL90,15072,1,310
2020-12-12,SO48532,HL78,13112,1,310
2020-12-12,SO48518,HL91,19337,1,310
2020-12-12,SO48519,HL91,18176,1,310
2020-12-12,SO48526,HL88,13724,1,310
2020-12-12,SO48523,HL89,17203,1,310
2020-12-12,SO48528,HL90,22908,1,310
2020-12-12,SO48522,HL85,15064,1,310
2020-12-12,SO48530,HL73,13104,1,310
2020-12-12,SO48527,HL73,26617,1,310
2020-12-12,SO48524,HL89,15082,1,310
2020-12-12,SO48521,HL86,16422,1,310
2020-12-12,SO48533,HL57,26560,1,310
2020-12-12,SO48517,HL83,16442,1,310
2020-12-12,SO48529,HL77,26638,1,310
2020-12-12,SO48520,HL89,16411,1,310
2020-12-12,SO48531,HL77,13105,1,310
2020-12-12,SO48525,HL93,14284,1,310
2020-12-13,SO48534,HL86,16448,1,310
2020-12-13,SO48536,HL94,14256,1,310
2020-12-13,SO48542,HL77,26676,1,306
2020-12-13,SO48545,HL77,12335,1,306
2020-12-13,SO48544,HL74,13119,1,306
2020-12-13,SO48538,HL90,22905,1,306
2020-12-13,SO48535,HL62,19295,1,306
2020-12-13,SO48539,HL89,22921,1,306
2020-12-13,SO48537,HL78,12318,1,306
2020-12-13,SO48540,HL89,22931,1,306
2020-12-13,SO48541,HL83,22943,1,306
2020-12-13,SO48543,HL94,24918,1,306
2020-12-14,SO48547,HL93,19029,1,306
2020-12-14,SO48553,HL85,13716,1,306
2020-12-14,SO48557,HL85,22958,1,306
2020-12-14,SO48559,HL74,13122,1,306
2020-12-14,SO48550,HL56,19315,1,306
2020-12-14,SO48551,HL58,20833,1,306
2020-12-14,SO48558,HL77,26684,1,306
2020-12-14,SO48561,HL63,26562,1,306
2020-12-14,SO48549,HL88,14946,1,306
2020-12-14,SO48560,HL56,26561,1,306
2020-12-14,SO48554,HL78,26622,1,306
2020-12-14,SO48556,HL89,22936,1,306
2020-12-14,SO48548,HL85,16414,1,309
2020-12-14,SO48546,HL89,14960,1,309
2020-12-14,SO48555,HL55,15399,1,309
2020-12-14,SO48552,HL91,14242,1,309
2020-12-15,SO48564,HL88,17218,1,309
2020-12-15,SO48563,HL63,20831,1,309
2020-12-15,SO48562,HL88,17085,1,309
2020-12-15,SO48565,HL76,26604,1,309
2020-12-15,SO48566,HL88,22906,1,309
2020-12-16,SO48571,HL89,13726,1,309
2020-12-16,SO48569,HL55,20726,1,309
2020-12-16,SO48573,HL57,15419,1,309
2020-12-16,SO48567,HL89,14948,1,309
2020-12-16,SO48576,HL78,13133,1,309
2020-12-16,SO48568,HL56,19296,1,309
2020-12-16,SO48570,HL95,26504,1,309
2020-12-16,SO48575,HL77,13123,1,309
2020-12-16,SO48574,HL53,15422,1,309
2020-12-16,SO48577,HL60,26571,1,309
2020-12-16,SO48572,HL78,28756,1,309
2020-12-17,SO48586,HL74,13113,1,309
2020-12-17,SO48585,HL95,24919,1,309
2020-12-17,SO48579,HL90,13741,1,309
2020-12-17,SO48578,HL89,17207,1,309
2020-12-17,SO48581,HL73,26632,1,309
2020-12-17,SO48580,HL76,12231,1,309
2020-12-17,SO48583,HL89,23106,1,309
2020-12-17,SO48588,HL62,26569,1,309
2020-12-17,SO48587,HL54,26568,1,309
2020-12-17,SO48582,HL64,15428,1,249
2020-12-17,SO48584,HL90,22935,1,238
2020-12-18,SO48596,HL87,23101,1,236
2020-12-18,SO48598,HL73,13106,1,226
2020-12-18,SO48593,HL78,12394,1,233
2020-12-18,SO48597,HL73,26650,1,231
2020-12-18,SO48589,HL94,17646,1,213
2020-12-18,SO48591,HL76,28739,1,239
2020-12-18,SO48594,HL78,26614,1,240
2020-12-18,SO48590,HL73,28757,1,243
2020-12-18,SO48592,HL74,12266,1,206
2020-12-18,SO48595,HL88,23097,1,213
2020-12-19,SO48604,HL74,26609,1,248
2020-12-19,SO48611,HL77,13518,1,232
2020-12-19,SO48607,HL89,22946,1,210
2020-12-19,SO48612,HL73,13520,1,217
2020-12-19,SO48605,HL76,26616,1,212
2020-12-19,SO48601,HL78,28728,1,304
2020-12-19,SO48608,HL76,26644,1,218
2020-12-19,SO48599,HL89,15002,1,224
2020-12-19,SO48603,HL75,28751,1,209
2020-12-19,SO48609,HL75,26646,1,203
2020-12-19,SO48600,HL93,18185,1,304
2020-12-19,SO48606,HL83,22988,1,219
2020-12-19,SO48602,HL73,12237,1,226
2020-12-19,SO48610,HL76,13134,1,248
2020-12-20,SO48618,HL59,27259,1,305
2020-12-20,SO48625,HL61,26547,1,215
2020-12-20,SO48622,HL75,13156,1,220
2020-12-20,SO48624,HL78,13109,1,245
2020-12-20,SO48623,HL75,13108,1,209
2020-12-20,SO48613,HL88,14965,1,236
2020-12-20,SO48626,HL60,26570,1,214
2020-12-20,SO48620,HL77,20665,1,236
2020-12-20,SO48615,HL92,19360,1,209
2020-12-20,SO48621,HL77,13129,1,208
2020-12-20,SO48616,HL87,13721,1,305
2020-12-20,SO48617,HL86,13725,1,211
2020-12-20,SO48614,HL88,14976,1,249
2020-12-20,SO48619,HL84,22934,1,211
2020-12-21,SO48628,HL73,12381,1,241
2020-12-21,SO48629,HL95,24916,1,250
2020-12-21,SO48627,HL78,28758,1,235
2020-12-22,SO48636,HL55,15429,1,220
2020-12-22,SO48630,HL76,26623,1,212
2020-12-22,SO48635,HL76,28750,1,204
2020-12-22,SO48637,HL61,15474,1,303
2020-12-22,SO48641,HL74,13524,1,250
2020-12-22,SO48633,HL62,20875,1,208
2020-12-22,SO48639,HL76,20670,1,203
2020-12-22,SO48638,HL60,15475,1,248
2020-12-22,SO48631,HL88,17185,1,211
2020-12-22,SO48632,HL90,17192,1,227
2020-12-22,SO48634,HL78,12230,1,200
2020-12-22,SO48640,HL75,26681,1,200
2020-12-23,SO48649,HL62,15432,1,200
2020-12-23,SO48653,HL77,20680,1,199
2020-12-23,SO48650,HL87,22986,1,199
2020-12-23,SO48652,HL83,22951,1,199
2020-12-23,SO48643,HL64,20869,1,199
2020-12-23,SO48644,HL94,14270,1,307
2020-12-23,SO48651,HL89,22926,1,307
2020-12-23,SO48647,HL74,26625,1,139
2020-12-23,SO48646,HL85,13722,1,119
2020-12-23,SO48642,HL86,15061,1,139
2020-12-23,SO48648,HL74,26610,1,295
2020-12-23,SO48645,HL94,14283,1,309
2020-12-24,SO48656,HL61,20829,1,310
2020-12-24,SO48661,HL59,15467,1,306
2020-12-24,SO48657,HL87,15067,1,306
2020-12-24,SO48659,HL78,28749,1,306
2020-12-24,SO48662,HL84,22938,1,306
2020-12-24,SO48654,HL88,17094,1,306
2020-12-24,SO48655,HL93,18183,1,306
2020-12-24,SO48660,HL75,26607,1,310
2020-12-24,SO48664,HL74,13521,1,310
2020-12-24,SO48663,HL78,13118,1,310
2020-12-24,SO48665,HL60,20872,1,310
2020-12-24,SO48666,HL77,13090,1,310
2020-12-25,SO48673,HL77,13131,1,310
2020-12-25,SO48674,HL60,26548,1,307
2020-12-25,SO48669,HL57,19293,1,307
2020-12-25,SO48667,HL95,19341,1,307
2020-12-25,SO48671,HL77,12270,1,307
2020-12-25,SO48670,HL89,13715,1,307
2020-12-25,SO48672,HL90,22950,1,307
2020-12-25,SO48668,HL95,18626,1,307
2020-12-26,SO48679,HL73,26608,1,307
2020-12-26,SO48682,HL74,13091,1,307
2020-12-26,SO48680,HL63,27242,1,307
2020-12-26,SO48676,HL85,13729,1,309
2020-12-26,SO48675,HL90,15079,1,309
2020-12-26,SO48678,HL78,26627,1,200
2020-12-26,SO48677,HL76,12391,1,200
2020-12-26,SO48681,HL73,13160,1,200
2020-12-27,SO48687,HL73,12317,1,200
2020-12-27,SO48684,HL90,16534,1,200
2020-12-27,SO48690,HL77,13130,1,200
2020-12-27,SO48683,HL93,17648,1,200
2020-12-27,SO48689,HL93,24914,1,200
2020-12-27,SO48691,HL62,26549,1,200
2020-12-27,SO48688,HL87,22966,1,200
2020-12-27,SO48686,HL86,25999,1,200
2020-12-27,SO48685,HL84,13728,1,200
2020-12-28,SO48692,HL91,18171,1,200
2020-12-28,SO48694,HL78,12315,1,199
2020-12-28,SO48701,HL77,13103,1,199
2020-12-28,SO48696,HL83,23100,1,199
2020-12-28,SO48699,HL78,13115,1,199
2020-12-28,SO48695,HL78,26624,1,199
2020-12-28,SO48693,HL85,25995,1,199
2020-12-28,SO48698,HL78,26647,1,199
2020-12-28,SO48697,HL86,22933,1,199
2020-12-28,SO48700,HL77,13519,1,199
2020-12-29,SO48708,HL89,16466,1,199
2020-12-29,SO48712,HL62,27252,1,199
2020-12-29,SO48707,HL56,19313,1,308
2020-12-29,SO48713,HL60,27253,1,308
2020-12-29,SO48709,HL91,14268,1,308
2020-12-29,SO48714,HL89,23104,1,308
2020-12-29,SO48704,HL84,16429,1,41
2020-12-29,SO48702,HL89,17115,1,179
2020-12-29,SO48711,HL56,15410,1,59
2020-12-29,SO48715,HL88,23107,1,142
2020-12-29,SO48706,HL94,19359,1,130
2020-12-29,SO48705,HL87,14995,1,190
2020-12-29,SO48703,HL84,15004,1,137
2020-12-29,SO48710,HL74,12305,1,87
2020-12-30,SO48716,HL89,17626,1,92
2020-12-30,SO48721,HL83,22930,1,123
2020-12-30,SO48722,HL84,22937,1,16
2020-12-30,SO48719,HL83,23099,1,104
2020-12-30,SO48720,HL86,22910,1,164
2020-12-30,SO48717,HL73,28736,1,45
2020-12-30,SO48718,HL75,12382,1,48
2020-12-31,SO48727,HL77,13128,1,117
2020-12-31,SO48725,HL89,17202,1,73
2020-12-31,SO48728,HL74,13111,1,8
2020-12-31,SO48729,HL55,26563,1,283
2020-12-31,SO48724,HL63,20722,1,68
2020-12-31,SO48723,HL84,14944,1,73
2020-12-31,SO48726,HL92,24915,1,150
